-- Data Manipulation Languagev


-- INSERT DATA FOR TABLE RANK:
insert into rank (rank_id, rank_name, point_to_unlock) values ( 1, 'Luyện Khí',  1000);
insert into rank (rank_id, rank_name, point_to_unlock) values ( 2, 'Trúc Cơ',    2000);
insert into rank (rank_id, rank_name, point_to_unlock) values ( 3, 'Kim Đan',    3000);
insert into rank (rank_id, rank_name, point_to_unlock) values ( 4, 'Nguyên Anh', 4000);
insert into rank (rank_id, rank_name, point_to_unlock) values ( 5, 'Hoá Thần',   5000);
insert into rank (rank_id, rank_name, point_to_unlock) values ( 6, 'Luyện Hư',   6000);
insert into rank (rank_id, rank_name, point_to_unlock) values ( 7, 'Hợp Thể',    7000);
insert into rank (rank_id, rank_name, point_to_unlock) values ( 8, 'Đại Thừa',   8000);
insert into rank (rank_id, rank_name, point_to_unlock) values ( 9, 'Độ Kiếp',    9000);


-- INSERT DATA FOR TABLE USERS:
insert into users (user_id, mail, password, first_name, last_name, date_of_birth, phone_number, avt, banner, description) values ( 1, 'amaylin0@nature.com', '$2b$10$6SQau4/ybhq8JPsuCciBmuVbIiuIzY0OC.IRWDickDeG0GF3Zs61.', 'Arnoldo', 'Maylin', '2010/05/05', '1317232822', 'http://dummyimage.com/131x192.png/5fa2dd/ffffff', 'http://dummyimage.com/217x246.png/5fa2dd/ffffff', NULL);
insert into users (user_id, mail, password, first_name, last_name, date_of_birth, phone_number, avt, banner, description) values ( 2, 'growcastle1@opensource.org', '$2b$10$6SQau4/ybhq8JPsuCciBmuVbIiuIzY0OC.IRWDickDeG0GF3Zs61.', 'Gertrudis', 'Rowcastle', '2009/07/22', '6819408285', 'http://dummyimage.com/166x173.png/dddddd/000000', 'http://dummyimage.com/245x195.png/dddddd/000000', 'Pathological dislocation of left hip, not elsewhere classified');
insert into users (user_id, mail, password, first_name, last_name, date_of_birth, phone_number, avt, banner, description) values ( 3, 'vmeikle2@buzzfeed.com', '$2b$10$6SQau4/ybhq8JPsuCciBmuVbIiuIzY0OC.IRWDickDeG0GF3Zs61.', 'Vito', 'Meikle', '2014/07/20', '3579866868', 'http://dummyimage.com/151x180.png/ff4444/ffffff', 'http://dummyimage.com/232x123.png/cc0000/ffffff', 'Open wound of larynx');
insert into users (user_id, mail, password, first_name, last_name, date_of_birth, phone_number, avt, banner, description) values ( 4, 'bpiperley3@infoseek.co.jp', '$2b$10$6SQau4/ybhq8JPsuCciBmuVbIiuIzY0OC.IRWDickDeG0GF3Zs61.', 'Bethena', 'Piperley', '2012/01/25', '7478005811', 'http://dummyimage.com/187x171.png/cc0000/ffffff', 'http://dummyimage.com/209x150.png/ff4444/ffffff', 'Asphyxiation due to being trapped in a car trunk, accidental, sequela');
insert into users (user_id, mail, password, first_name, last_name, date_of_birth, phone_number, avt, banner, description) values ( 5, 'rkenen4@census.gov', '$2b$10$6SQau4/ybhq8JPsuCciBmuVbIiuIzY0OC.IRWDickDeG0GF3Zs61.', 'Ronalda', 'Kenen', '2005/09/12', '4966681411', 'http://dummyimage.com/126x213.png/dddddd/000000', 'http://dummyimage.com/233x238.png/dddddd/000000', 'Other osteoporosis with current pathological fracture, unspecified shoulder, subsequent encounter for fracture with delayed healing');
insert into users (user_id, mail, password, first_name, last_name, date_of_birth, phone_number, avt, banner, description) values ( 6, 'mglazzard5@meetup.com', '$2b$10$6SQau4/ybhq8JPsuCciBmuVbIiuIzY0OC.IRWDickDeG0GF3Zs61.', 'Maddie', 'Glazzard', '2008/12/27', '2968604340', 'http://dummyimage.com/249x223.png/5fa2dd/ffffff', 'http://dummyimage.com/155x151.png/ff4444/ffffff', 'Displaced comminuted fracture of shaft of humerus, right arm');
insert into users (user_id, mail, password, first_name, last_name, date_of_birth, phone_number, avt, banner, description) values ( 7, 'igallard6@liveinternet.ru', '$2b$10$6SQau4/ybhq8JPsuCciBmuVbIiuIzY0OC.IRWDickDeG0GF3Zs61.', 'Idalia', 'Gallard', '2006/01/16', '1444726158', 'http://dummyimage.com/111x197.png/ff4444/ffffff', 'http://dummyimage.com/248x185.png/cc0000/ffffff', 'Unspecified car occupant injured in collision with two- or three-wheeled motor vehicle in nontraffic accident, subsequent encounter');
insert into users (user_id, mail, password, first_name, last_name, date_of_birth, phone_number, avt, banner, description) values ( 8, 'shixson7@fda.gov', 'fJx96jVFs', '$2b$10$6SQau4/ybhq8JPsuCciBmuVbIiuIzY0OC.IRWDickDeG0GF3Zs61.', 'Hixson', '2010/05/17', '1694027569', 'http://dummyimage.com/139x116.png/5fa2dd/ffffff', 'http://dummyimage.com/213x117.png/dddddd/000000', 'Displaced Rolando''s fracture, left hand, initial encounter for closed fracture');
insert into users (user_id, mail, password, first_name, last_name, date_of_birth, phone_number, avt, banner, description) values ( 9, 'sbexley8@ycombinator.com', '$2b$10$6SQau4/ybhq8JPsuCciBmuVbIiuIzY0OC.IRWDickDeG0GF3Zs61.', 'Shoshanna', 'Bexley', '2012/11/05', '2541901703', 'http://dummyimage.com/115x111.png/cc0000/ffffff', 'http://dummyimage.com/155x159.png/ff4444/ffffff', 'Open bite of right shoulder, initial encounter');
insert into users (user_id, mail, password, first_name, last_name, date_of_birth, phone_number, avt, banner, description) values ( 10, 'emcjury9@craigslist.org', '$2b$10$6SQau4/ybhq8JPsuCciBmuVbIiuIzY0OC.IRWDickDeG0GF3Zs61.', 'Enrica', 'McJury', '2015/05/05', '3659068398', 'http://dummyimage.com/176x188.png/cc0000/ffffff', 'http://dummyimage.com/247x183.png/cc0000/ffffff', 'Inflammation (infection) of postprocedural bleb, stage 2');
insert into users (user_id, mail, password, first_name, last_name, date_of_birth, phone_number, avt, banner, description) values ( 11, 'bshrawleya@slideshare.net', '$2b$10$6SQau4/ybhq8JPsuCciBmuVbIiuIzY0OC.IRWDickDeG0GF3Zs61.', 'Brandy', 'Shrawley', '2007/09/03', '7905280047', 'http://dummyimage.com/101x110.png/ff4444/ffffff', 'http://dummyimage.com/119x185.png/dddddd/000000', 'Poisoning by enzymes, accidental (unintentional), sequela');
insert into users (user_id, mail, password, first_name, last_name, date_of_birth, phone_number, avt, banner, description) values ( 12, 'cparisob@delicious.com', '$2b$10$6SQau4/ybhq8JPsuCciBmuVbIiuIzY0OC.IRWDickDeG0GF3Zs61.', 'Cami', 'Pariso', '2004/08/29', '1765284518', 'http://dummyimage.com/195x111.png/ff4444/ffffff', 'http://dummyimage.com/189x112.png/5fa2dd/ffffff', 'Malignant neoplasm of maxillary sinus');
insert into users (user_id, mail, password, first_name, last_name, date_of_birth, phone_number, avt, banner, description) values ( 13, 'hpiertonc@theatlantic.com', '$2b$10$6SQau4/ybhq8JPsuCciBmuVbIiuIzY0OC.IRWDickDeG0GF3Zs61.', 'Herold', 'Pierton', '2012/10/13', '7925114095', 'http://dummyimage.com/196x209.png/dddddd/000000', 'http://dummyimage.com/224x199.png/ff4444/ffffff', 'Underdosing of antiallergic and antiemetic drugs');
insert into users (user_id, mail, password, first_name, last_name, date_of_birth, phone_number, avt, banner, description) values ( 14, 'tvigerd@latimes.com', '$2b$10$6SQau4/ybhq8JPsuCciBmuVbIiuIzY0OC.IRWDickDeG0GF3Zs61.', 'Tuck', 'Viger', '2010/07/03', '3916663839', 'http://dummyimage.com/215x213.png/ff4444/ffffff', 'http://dummyimage.com/225x227.png/dddddd/000000', 'Burn of other parts of alimentary tract, sequela');
insert into users (user_id, mail, password, first_name, last_name, date_of_birth, phone_number, avt, banner, description) values ( 15, 'cinde@opensource.org', '$2b$10$6SQau4/ybhq8JPsuCciBmuVbIiuIzY0OC.IRWDickDeG0GF3Zs61.', 'Court', 'Ind', '2009/08/30', '8553596457', 'http://dummyimage.com/209x209.png/cc0000/ffffff', 'http://dummyimage.com/193x217.png/cc0000/ffffff', 'Total perforations of tympanic membrane, left ear');
insert into users (user_id, mail, password, first_name, last_name, date_of_birth, phone_number, avt, banner, description) values ( 16, 'jhunnicuttf@ustream.tv', '$2b$10$6SQau4/ybhq8JPsuCciBmuVbIiuIzY0OC.IRWDickDeG0GF3Zs61.', 'Jedd', 'Hunnicutt', '2012/03/25', '6355420285', 'http://dummyimage.com/173x164.png/dddddd/000000', 'http://dummyimage.com/161x235.png/ff4444/ffffff', 'Acute gastritis with bleeding');
insert into users (user_id, mail, password, first_name, last_name, date_of_birth, phone_number, avt, banner, description) values ( 17, 'ciacomellig@shop-pro.jp', '$2b$10$6SQau4/ybhq8JPsuCciBmuVbIiuIzY0OC.IRWDickDeG0GF3Zs61.', 'Constantine', 'Iacomelli', '2011/04/23', '6383785537', 'http://dummyimage.com/163x177.png/cc0000/ffffff', 'http://dummyimage.com/151x117.png/5fa2dd/ffffff', 'Central perforation of tympanic membrane, right ear');
insert into users (user_id, mail, password, first_name, last_name, date_of_birth, phone_number, avt, banner, description) values ( 18, 'jhaggerwoodh@360.cn', '$2b$10$6SQau4/ybhq8JPsuCciBmuVbIiuIzY0OC.IRWDickDeG0GF3Zs61.', 'Janette', 'Haggerwood', '2011/07/09', '1229230622', 'http://dummyimage.com/134x211.png/ff4444/ffffff', 'http://dummyimage.com/192x178.png/dddddd/000000', 'Nondisplaced fracture of fourth metatarsal bone, right foot, subsequent encounter for fracture with delayed healing');
insert into users (user_id, mail, password, first_name, last_name, date_of_birth, phone_number, avt, banner, description) values ( 19, 'eashlini@dmoz.org', '$2b$10$6SQau4/ybhq8JPsuCciBmuVbIiuIzY0OC.IRWDickDeG0GF3Zs61.', 'Elsa', 'Ashlin', '2008/09/08', '2458908486', 'http://dummyimage.com/116x190.png/5fa2dd/ffffff', 'http://dummyimage.com/138x131.png/ff4444/ffffff', 'Toxic effect of arsenic and its compounds, assault, subsequent encounter');
insert into users (user_id, mail, password, first_name, last_name, date_of_birth, phone_number, avt, banner, description) values ( 20, 'abc@gmail.com', '$2b$10$6SQau4/ybhq8JPsuCciBmuVbIiuIzY0OC.IRWDickDeG0GF3Zs61.', 'Tate', 'Smullen', '2008/03/12', '3553500988', 'http://dummyimage.com/147x189.png/ff4444/ffffff', 'http://dummyimage.com/144x188.png/5fa2dd/ffffff', 'Displaced osteochondral fracture of right patella, subsequent encounter for open fracture type I or II with nonunion');


-- INSERT DATA FOR TABLE COURSE:
insert into course (course_id, name, image, level, charges, point_to_unlock, point_reward, price, discount, created_by, achieves, description)   values  (2,   'Sonsing',        'http://dummyimage.com/366x299.png/dddddd/000000',    'basic',	    false, 	9987,	1597,	1362476,	10,	    2,	'Revision of Intraluminal Device in Lymph, Perc Endo Approach',     'Revision of Intraluminal Device in Lymphatic, Percutaneous Endoscopic Approach');
insert into course (course_id, name, image, level, charges, point_to_unlock, point_reward, price, discount, created_by, achieves, description)   values  (1,   'Toughjoyfax',    'http://dummyimage.com/357x297.png/dddddd/000000',    'basic',	    false, 	9365,	1277,	438727,		43,	    1,	'Dilation of Abdominal Aorta, Bifurcation, Perc Approach',          'Dilation of Abdominal Aorta, Bifurcation, Percutaneous Approach');
insert into course (course_id, name, image, level, charges, point_to_unlock, point_reward, price, discount, created_by, achieves, description)   values  (3,   'Matsoft',        'http://dummyimage.com/359x328.png/cc0000/ffffff',    'basic',	    false, 	1271,	1365,	1108446,	15,	    3,	'Dilate Inf Mesent Art, Bifurc, w 4 Drug-elut, Open', '             Dilation of Inferior Mesenteric Artery, Bifurcation, with Four or More Drug-eluting Intraluminal Devices, Open Approach');
insert into course (course_id, name, image, level, charges, point_to_unlock, point_reward, price, discount, created_by, achieves, description)   values  (4,   'Konklab',        'http://dummyimage.com/283x304.png/5fa2dd/ffffff',    'basic',	    true, 	5240,	1372,	1814315,	26,	    4,	'Excision of Right Pulmonary Artery, Open Approach',                'Excision of Right Pulmonary Artery, Open Approach');
insert into course (course_id, name, image, level, charges, point_to_unlock, point_reward, price, discount, created_by, achieves, description)   values  (5,   'Gembucket',      'http://dummyimage.com/370x314.png/ff4444/ffffff',    'basic',	    true, 	3094,	1088,	1249682,	60,	    5,	'Drainage of R Ext Jugular Vein with Drain Dev, Open Approach',     'Drainage of Right External Jugular Vein with Drainage Device, Open Approach');
insert into course (course_id, name, image, level, charges, point_to_unlock, point_reward, price, discount, created_by, achieves, description)   values  (6,   'Gembucket',      'http://dummyimage.com/328x361.png/5fa2dd/ffffff',    'basic',	    true, 	6331,	1565,	941522,		58,	    6,	'Bypass R Int Jugular Vein to Up Vein w Nonaut Sub, Perc Endo',     'Bypass Right Internal Jugular Vein to Upper Vein with Nonautologous Tissue Substitute, Percutaneous Endoscopic Approach');
insert into course (course_id, name, image, level, charges, point_to_unlock, point_reward, price, discount, created_by, achieves, description)   values  (7,   'Lotlux',         'http://dummyimage.com/378x351.png/5fa2dd/ffffff',    'basic',	    true, 	1090,	1021,	532008,		92,	    1,	'Excision of Right Lower Lobe Bronchus, Via Opening, Diagn',        'Excision of Right Lower Lobe Bronchus, Via Natural or Artificial Opening, Diagnostic');
insert into course (course_id, name, image, level, charges, point_to_unlock, point_reward, price, discount, created_by, achieves, description)   values  (8,   'Sonsing',        'http://dummyimage.com/338x386.png/dddddd/000000',    'basic',	    true, 	2532,	1656,	613691,		69,	    2,	'Destruction of Right Atrium, Perc Endo Approach',                  'Destruction of Right Atrium, Percutaneous Endoscopic Approach');
insert into course (course_id, name, image, level, charges, point_to_unlock, point_reward, price, discount, created_by, achieves, description)   values  (9,   'It',             'http://dummyimage.com/387x279.png/5fa2dd/ffffff',    'basic',	    true, 	5145,	1075,	338827,		46,	    3,	'LDR Brachytherapy of Pineal Body using Oth Isotope',               'Low Dose Rate (LDR) Brachytherapy of Pineal Body using Other Isotope');
insert into course (course_id, name, image, level, charges, point_to_unlock, point_reward, price, discount, created_by, achieves, description)   values  (10,  'Toughjoyfax',    'http://dummyimage.com/281x254.png/ff4444/ffffff',    'basic',	    true, 	1728,	1846,	1222399,	62,	    4,	'Drainage of Sciatic Nerve, Perc Endo Approach, Diagn',             'Drainage of Sciatic Nerve, Percutaneous Endoscopic Approach, Diagnostic');
insert into course (course_id, name, image, level, charges, point_to_unlock, point_reward, price, discount, created_by, achieves, description)   values  (11,  'Voltsillam',     'http://dummyimage.com/359x321.png/5fa2dd/ffffff',    'basic',	    true, 	7250,	1867,	1232695,	59,	    5,	'Beam Radiation of Mouth using Neutron Capture',                    'Beam Radiation of Mouth using Neutron Capture');
insert into course (course_id, name, image, level, charges, point_to_unlock, point_reward, price, discount, created_by, achieves, description)   values  (12,  'Viva',           'http://dummyimage.com/321x290.png/5fa2dd/ffffff',    'basic',	    true, 	6195,	1870,	1692552,	96,	    6,	'Remove Autol Sub from L Toe Phalanx Jt, Perc Endo',                'Removal of Autologous Tissue Substitute from Left Toe Phalangeal Joint, Percutaneous Endoscopic Approach');
insert into course (course_id, name, image, level, charges, point_to_unlock, point_reward, price, discount, created_by, achieves, description)   values  (13,  'Ventosanzap',    'http://dummyimage.com/268x302.png/cc0000/ffffff',    'basic',	    false, 	9314,	1946,	1019512,	46,	    1,	'Plain Radiography of L Salivary Gland using L Osm Contrast',       'Plain Radiography of Left Salivary Gland using Low Osmolar Contrast');
insert into course (course_id, name, image, level, charges, point_to_unlock, point_reward, price, discount, created_by, achieves, description)   values  (14,  'Cardguard',      'http://dummyimage.com/313x293.png/ff4444/ffffff',    'basic',	    true, 	127,	1446,	289870,		63,	    2,	'Destruction of Left Thyroid Gland Lobe, Open Approach',            'Destruction of Left Thyroid Gland Lobe, Open Approach');
insert into course (course_id, name, image, level, charges, point_to_unlock, point_reward, price, discount, created_by, achieves, description)   values  (15,  'Voltsillam',     'http://dummyimage.com/285x364.png/5fa2dd/ffffff',    'advance',	true, 	721,	1109,	652217,		96,	    3,	'Repair Female Reproductive System in POC, Via Opening',            'Repair Female Reproductive System in Products of Conception, Via Natural or Artificial Opening');
insert into course (course_id, name, image, level, charges, point_to_unlock, point_reward, price, discount, created_by, achieves, description)   values  (16,  'Cookley',        'http://dummyimage.com/391x348.png/5fa2dd/ffffff',    'advance',	false, 	3110,	1343,	1297378,	70,	    4,	'Beam Radiation of Uterus using Heavy Particles',                   'Beam Radiation of Uterus using Heavy Particles (Protons,Ions)');
insert into course (course_id, name, image, level, charges, point_to_unlock, point_reward, price, discount, created_by, achieves, description)   values  (17,  'Home Ing',       'http://dummyimage.com/358x341.png/5fa2dd/ffffff',    'advance',	true, 	734,	1162,	1092888,	46,	    5,	'Transfuse Autol Cord Bld Stem Cell in Periph Vein, Open',          'Transfusion of Autologous Cord Blood Stem Cells into Peripheral Vein, Open Approach');
insert into course (course_id, name, image, level, charges, point_to_unlock, point_reward, price, discount, created_by, achieves, description)   values  (18,  'Flowdesk',       'http://dummyimage.com/261x380.png/ff4444/ffffff',    'advance',	true, 	111,	1206,	1378284,	63,	    6,	'Destruction of Thoracic Vertebral Joint, Perc Approach',           'Destruction of Thoracic Vertebral Joint, Percutaneous Approach');
insert into course (course_id, name, image, level, charges, point_to_unlock, point_reward, price, discount, created_by, achieves, description)   values  (19,  'Wrapsafe',       'http://dummyimage.com/381x313.png/cc0000/ffffff',    'advance',	false, 	8390,	1830,	293144,		76,	    1,	'Restriction of Cystic Duct, Via Opening',                          'Restriction of Cystic Duct, Via Natural or Artificial Opening');
insert into course (course_id, name, image, level, charges, point_to_unlock, point_reward, price, discount, created_by, achieves, description)   values  (20,  'Gembucket',      'http://dummyimage.com/269x398.png/dddddd/000000',    'advance',	true, 	873,	1404,	202693,		67,	    2,	'Drainage of Right Colic Artery with Drain Dev, Open Approach',     'Drainage of Right Colic Artery with Drainage Device, Open Approach');
insert into course (course_id, name, image, level, charges, point_to_unlock, point_reward, price, discount, created_by, achieves, description)   values  (21,  'Duobam',         'http://dummyimage.com/315x354.png/5fa2dd/ffffff',    'advance',	false, 	9534,	1912,	475174,		95,	    3,	'Bypass Right Renal Vein to Lower Vein, Open Approach',             'Bypass Right Renal Vein to Lower Vein, Open Approach');
insert into course (course_id, name, image, level, charges, point_to_unlock, point_reward, price, discount, created_by, achieves, description)   values  (22,  'Zontrax',        'http://dummyimage.com/396x389.png/5fa2dd/ffffff',    'advance',	false, 	9406,	1359,	1967492,	10,	    4,	'Drain of R Humeral Shaft with Drain Dev, Perc Endo Approach',      'Drainage of Right Humeral Shaft with Drainage Device, Percutaneous Endoscopic Approach');
insert into course (course_id, name, image, level, charges, point_to_unlock, point_reward, price, discount, created_by, achieves, description)   values  (23,  'Kanlam',         'http://dummyimage.com/261x263.png/ff4444/ffffff',    'advance',	false, 	2587,	1171,	994163,		21,	    5,	'Drainage of Sacral Nerve, Percutaneous Approach, Diagnostic',      'Drainage of Sacral Nerve, Percutaneous Approach, Diagnostic');
insert into course (course_id, name, image, level, charges, point_to_unlock, point_reward, price, discount, created_by, achieves, description)   values  (24,  'Toughjoyfax',    'http://dummyimage.com/319x260.png/dddddd/000000',    'advance',	false, 	5567,	1069,	835315,		4,	    6,	'Revision of Infusion Device in Abdominal Wall, Open Approach',     'Revision of Infusion Device in Abdominal Wall, Open Approach');
insert into course (course_id, name, image, level, charges, point_to_unlock, point_reward, price, discount, created_by, achieves, description)   values  (25,  'Opela',          'http://dummyimage.com/311x310.png/cc0000/ffffff',    'advance',	true, 	2785,	1424,	1071143,	2,	    1,	'Excision of Hymen, Via Natural or Artificial Opening, Diagn',      'Excision of Hymen, Via Natural or Artificial Opening, Diagnostic');
insert into course (course_id, name, image, level, charges, point_to_unlock, point_reward, price, discount, created_by, achieves, description)   values  (26,  'Voltsillam',     'http://dummyimage.com/384x290.png/ff4444/ffffff',    'advance',	false, 	2072,	1633,	1101596,	74,	    2,	'Removal of Extralum Dev from Up Vein, Perc Endo Approach',         'Removal of Extraluminal Device from Upper Vein, Percutaneous Endoscopic Approach');
insert into course (course_id, name, image, level, charges, point_to_unlock, point_reward, price, discount, created_by, achieves, description)   values  (27,  'Zathin',         'http://dummyimage.com/324x339.png/cc0000/ffffff',    'advance',	true, 	7114,	1285,	950224,		45,	    3,	'Bypass Sup Vena Cava to L Pulm Vn w Synth Sub, Perc Endo',         'Bypass Superior Vena Cava to Left Pulmonary Vein with Synthetic Substitute, Percutaneous Endoscopic Approach');
insert into course (course_id, name, image, level, charges, point_to_unlock, point_reward, price, discount, created_by, achieves, description)   values  (28,  'Cardify',        'http://dummyimage.com/398x399.png/ff4444/ffffff',    'advance',	true, 	3514,	1599,	1804107,	73,	    4,	'Extirpate of Matter from R Post Tib Art, Perc Endo Approach',      'Extirpation of Matter from Right Posterior Tibial Artery, Percutaneous Endoscopic Approach');
insert into course (course_id, name, image, level, charges, point_to_unlock, point_reward, price, discount, created_by, achieves, description)   values  (29,  'Matsoft',        'http://dummyimage.com/294x278.png/ff4444/ffffff',    'advance',	true, 	4348,	1576,	921195,		61,	    5,	'Repair Right Foot Bursa and Ligament, Open Approach',              'Repair Right Foot Bursa and Ligament, Open Approach');
insert into course (course_id, name, image, level, charges, point_to_unlock, point_reward, price, discount, created_by, achieves, description)   values  (30,  'Bamity',         'http://dummyimage.com/267x327.png/ff4444/ffffff',    'advance',	true, 	7544,	1215,	227343,		41,	    6,	'Change Brace on Neck',                                             'Change Brace on Neck');


-- INSERT DATA FOR TABLE CHAPTER:
insert into chapter (chapter_id, course_id, name) values (1,    1,   'Fintone');
insert into chapter (chapter_id, course_id, name) values (2,    2,   'Greenlam');
insert into chapter (chapter_id, course_id, name) values (3,    3,   'Sonair');
insert into chapter (chapter_id, course_id, name) values (4,    4,   'Holdlamis');
insert into chapter (chapter_id, course_id, name) values (5,    5,   'Redhold');
insert into chapter (chapter_id, course_id, name) values (6,    6,   'Sonsing');
insert into chapter (chapter_id, course_id, name) values (7,    7,   'Holdlamis');
insert into chapter (chapter_id, course_id, name) values (8,    8,   'Ventosanzap');
insert into chapter (chapter_id, course_id, name) values (9,    9,   'Job');
insert into chapter (chapter_id, course_id, name) values (10,   10,  'Tresom');
insert into chapter (chapter_id, course_id, name) values (11,   1,   'Fixflex');
insert into chapter (chapter_id, course_id, name) values (12,   2,   'Zaam-Dox');
insert into chapter (chapter_id, course_id, name) values (13,   3,   'Andalax');
insert into chapter (chapter_id, course_id, name) values (14,   4,   'Stim');
insert into chapter (chapter_id, course_id, name) values (15,   5,   'Cookley');
insert into chapter (chapter_id, course_id, name) values (16,   6,   'Duobam');
insert into chapter (chapter_id, course_id, name) values (17,   7,   'Gembucket');
insert into chapter (chapter_id, course_id, name) values (18,   8,   'Trippledex');
insert into chapter (chapter_id, course_id, name) values (19,   9,   'Overhold');
insert into chapter (chapter_id, course_id, name) values (20,   10,  'Solarbreeze');
insert into chapter (chapter_id, course_id, name) values (21,   1,   'Sub-Ex');
insert into chapter (chapter_id, course_id, name) values (22,   2,   'Zontrax');
insert into chapter (chapter_id, course_id, name) values (23,   3,   'Transcof');
insert into chapter (chapter_id, course_id, name) values (24,   4,   'Lotlux');
insert into chapter (chapter_id, course_id, name) values (25,   5,   'Ronstring');
insert into chapter (chapter_id, course_id, name) values (26,   6,   'Gembucket');
insert into chapter (chapter_id, course_id, name) values (27,   7,   'Viva');
insert into chapter (chapter_id, course_id, name) values (28,   8,   'Kanlam');
insert into chapter (chapter_id, course_id, name) values (29,   9,   'Zontrax');
insert into chapter (chapter_id, course_id, name) values (30,   10,  'Cookley');
insert into chapter (chapter_id, course_id, name) values (31,   1,   'Fix San');
insert into chapter (chapter_id, course_id, name) values (32,   2,   'Voltsillam');
insert into chapter (chapter_id, course_id, name) values (33,   3,   'Bytecard');
insert into chapter (chapter_id, course_id, name) values (34,   4,   'Lotlux');
insert into chapter (chapter_id, course_id, name) values (35,   5,   'Zontrax');
insert into chapter (chapter_id, course_id, name) values (36,   6,   'Temp');
insert into chapter (chapter_id, course_id, name) values (37,   7,   'Fix San');
insert into chapter (chapter_id, course_id, name) values (38,   8,   'Alphazap');
insert into chapter (chapter_id, course_id, name) values (39,   9,   'Zoolab');
insert into chapter (chapter_id, course_id, name) values (40,   10,  'Temp');
insert into chapter (chapter_id, course_id, name) values (41,   1,   'Tresom');
insert into chapter (chapter_id, course_id, name) values (42,   2,   'Bitwolf');
insert into chapter (chapter_id, course_id, name) values (43,   3,   'Treeflex');
insert into chapter (chapter_id, course_id, name) values (44,   4,   'Zamit');
insert into chapter (chapter_id, course_id, name) values (45,   5,   'Holdlamis');
insert into chapter (chapter_id, course_id, name) values (46,   6,   'Span');
insert into chapter (chapter_id, course_id, name) values (47,   7,   'Cookley');
insert into chapter (chapter_id, course_id, name) values (48,   8,   'Solarbreeze');
insert into chapter (chapter_id, course_id, name) values (49,   9,   'Wrapsafe');
insert into chapter (chapter_id, course_id, name) values (50,   10,  'Mat Lam Tam');
insert into chapter (chapter_id, course_id, name) values (51,   1,   'Greenlam');
insert into chapter (chapter_id, course_id, name) values (52,   2,   'Andalax');
insert into chapter (chapter_id, course_id, name) values (53,   3,   'Aerified');
insert into chapter (chapter_id, course_id, name) values (54,   4,   'Flowdesk');
insert into chapter (chapter_id, course_id, name) values (55,   5,   'Tampflex');
insert into chapter (chapter_id, course_id, name) values (56,   6,   'Sonair');
insert into chapter (chapter_id, course_id, name) values (57,   7,   'Alpha');
insert into chapter (chapter_id, course_id, name) values (58,   8,   'It');
insert into chapter (chapter_id, course_id, name) values (59,   9,   'Zontrax');
insert into chapter (chapter_id, course_id, name) values (60,   10,  'Zathin');
insert into chapter (chapter_id, course_id, name) values (61,   1,   'Tresom');
insert into chapter (chapter_id, course_id, name) values (62,   2,   'Overhold');
insert into chapter (chapter_id, course_id, name) values (63,   3,   'Flexidy');
insert into chapter (chapter_id, course_id, name) values (64,   4,   'Alpha');
insert into chapter (chapter_id, course_id, name) values (65,   5,   'Biodex');
insert into chapter (chapter_id, course_id, name) values (66,   6,   'Kanlam');
insert into chapter (chapter_id, course_id, name) values (67,   7,   'Wrapsafe');
insert into chapter (chapter_id, course_id, name) values (68,   8,   'Cardify');
insert into chapter (chapter_id, course_id, name) values (69,   9,   'Viva');
insert into chapter (chapter_id, course_id, name) values (70,   10,  'Namfix');
insert into chapter (chapter_id, course_id, name) values (71,   1,   'Span');
insert into chapter (chapter_id, course_id, name) values (72,   2,   'Bamity');
insert into chapter (chapter_id, course_id, name) values (73,   3,   'Bitwolf');
insert into chapter (chapter_id, course_id, name) values (74,   4,   'Fintone');
insert into chapter (chapter_id, course_id, name) values (75,   5,   'Latlux');
insert into chapter (chapter_id, course_id, name) values (76,   6,   'Transcof');
insert into chapter (chapter_id, course_id, name) values (77,   7,   'Job');
insert into chapter (chapter_id, course_id, name) values (78,   8,   'Subin');
insert into chapter (chapter_id, course_id, name) values (79,   9,   'Konklux');
insert into chapter (chapter_id, course_id, name) values (80,   10,  'Andalax');
insert into chapter (chapter_id, course_id, name) values (81,   1,   'Greenlam');
insert into chapter (chapter_id, course_id, name) values (82,   2,   'Sonair');
insert into chapter (chapter_id, course_id, name) values (83,   3,   'Matsoft');
insert into chapter (chapter_id, course_id, name) values (84,   4,   'Stronghold');
insert into chapter (chapter_id, course_id, name) values (85,   5,   'Sub-Ex');
insert into chapter (chapter_id, course_id, name) values (86,   6,   'Vagram');
insert into chapter (chapter_id, course_id, name) values (87,   7,   'Cardguard');
insert into chapter (chapter_id, course_id, name) values (88,   8,   'Cardguard');
insert into chapter (chapter_id, course_id, name) values (89,   9,   'Pannier');
insert into chapter (chapter_id, course_id, name) values (90,   10,  'Zontrax');
insert into chapter (chapter_id, course_id, name) values (91,   1,   'Fix San');
insert into chapter (chapter_id, course_id, name) values (92,   2,   'Aerified');
insert into chapter (chapter_id, course_id, name) values (93,   3,   'Trippledex');
insert into chapter (chapter_id, course_id, name) values (94,   4,   'Wrapsafe');
insert into chapter (chapter_id, course_id, name) values (95,   5,   'Fix San');
insert into chapter (chapter_id, course_id, name) values (96,   6,   'Zontrax');
insert into chapter (chapter_id, course_id, name) values (97,   7,   'Temp');
insert into chapter (chapter_id, course_id, name) values (98,   8,   'Zaam-Dox');
insert into chapter (chapter_id, course_id, name) values (99,   9,   'Veribet');
insert into chapter (chapter_id, course_id, name) values (100,  10,  'It');


-- INSERT DATA FOR TABLE UNIT:
insert into unit (unit_id, chapter_id, name) values (1,    1,   'Sonair');
insert into unit (unit_id, chapter_id, name) values (2,    2,   'Bytecard');
insert into unit (unit_id, chapter_id, name) values (3,    3,   'Bytecard');
insert into unit (unit_id, chapter_id, name) values (4,    4,   'Y-find');
insert into unit (unit_id, chapter_id, name) values (5,    5,   'Fixflex');
insert into unit (unit_id, chapter_id, name) values (6,    6,   'Wrapsafe');
insert into unit (unit_id, chapter_id, name) values (7,    7,   'Span');
insert into unit (unit_id, chapter_id, name) values (8,    8,   'Latlux');
insert into unit (unit_id, chapter_id, name) values (9,    9,   'Ronstring');
insert into unit (unit_id, chapter_id, name) values (10,   10,  'Prodder');
insert into unit (unit_id, chapter_id, name) values (11,   11,  'Bytecard');
insert into unit (unit_id, chapter_id, name) values (12,   12,  'Tampflex');
insert into unit (unit_id, chapter_id, name) values (13,   13,  'Overhold');
insert into unit (unit_id, chapter_id, name) values (14,   14,  'Trippledex');
insert into unit (unit_id, chapter_id, name) values (15,   15,  'Opela');
insert into unit (unit_id, chapter_id, name) values (16,   16,  'Bitwolf');
insert into unit (unit_id, chapter_id, name) values (17,   17,  'Ronstring');
insert into unit (unit_id, chapter_id, name) values (18,   18,  'It');
insert into unit (unit_id, chapter_id, name) values (19,   19,  'Flexidy');
insert into unit (unit_id, chapter_id, name) values (20,   20,  'Andalax');
insert into unit (unit_id, chapter_id, name) values (21,   1,   'Wrapsafe');
insert into unit (unit_id, chapter_id, name) values (22,   2,   'Bytecard');
insert into unit (unit_id, chapter_id, name) values (23,   3,   'Redhold');
insert into unit (unit_id, chapter_id, name) values (24,   4,   'Prodder');
insert into unit (unit_id, chapter_id, name) values (25,   5,   'Stringtough');
insert into unit (unit_id, chapter_id, name) values (26,   6,   'Fintone');
insert into unit (unit_id, chapter_id, name) values (27,   7,   'Konklux');
insert into unit (unit_id, chapter_id, name) values (28,   8,   'Keylex');
insert into unit (unit_id, chapter_id, name) values (29,   9,   'Overhold');
insert into unit (unit_id, chapter_id, name) values (30,   10,  'Tresom');
insert into unit (unit_id, chapter_id, name) values (31,   11,  'Trippledex');
insert into unit (unit_id, chapter_id, name) values (32,   12,  'Flexidy');
insert into unit (unit_id, chapter_id, name) values (33,   13,  'Transcof');
insert into unit (unit_id, chapter_id, name) values (34,   14,  'Bitwolf');
insert into unit (unit_id, chapter_id, name) values (35,   15,  'Fixflex');
insert into unit (unit_id, chapter_id, name) values (36,   16,  'Temp');
insert into unit (unit_id, chapter_id, name) values (37,   17,  'Sub-Ex');
insert into unit (unit_id, chapter_id, name) values (38,   18,  'Mat Lam Tam');
insert into unit (unit_id, chapter_id, name) values (39,   19,  'Redhold');
insert into unit (unit_id, chapter_id, name) values (40,   20,  'Bigtax');
insert into unit (unit_id, chapter_id, name) values (41,   1,   'Zathin');
insert into unit (unit_id, chapter_id, name) values (42,   2,   'Solarbreeze');
insert into unit (unit_id, chapter_id, name) values (43,   3,   'Cardguard');
insert into unit (unit_id, chapter_id, name) values (44,   4,   'Sonair');
insert into unit (unit_id, chapter_id, name) values (45,   5,   'Andalax');
insert into unit (unit_id, chapter_id, name) values (46,   6,   'Lotstring');
insert into unit (unit_id, chapter_id, name) values (47,   7,   'Trippledex');
insert into unit (unit_id, chapter_id, name) values (48,   8,   'Redhold');
insert into unit (unit_id, chapter_id, name) values (49,   9,   'Alphazap');
insert into unit (unit_id, chapter_id, name) values (50,   10,  'Otcom');
insert into unit (unit_id, chapter_id, name) values (51,   11,  'Keylex');
insert into unit (unit_id, chapter_id, name) values (52,   12,  'Gembucket');
insert into unit (unit_id, chapter_id, name) values (53,   13,  'Tres-Zap');
insert into unit (unit_id, chapter_id, name) values (54,   14,  'Tempsoft');
insert into unit (unit_id, chapter_id, name) values (55,   15,  'Stronghold');
insert into unit (unit_id, chapter_id, name) values (56,   16,  'Lotlux');
insert into unit (unit_id, chapter_id, name) values (57,   17,  'Vagram');
insert into unit (unit_id, chapter_id, name) values (58,   18,  'Kanlam');
insert into unit (unit_id, chapter_id, name) values (59,   19,  'Namfix');
insert into unit (unit_id, chapter_id, name) values (60,   20,  'Lotstring');
insert into unit (unit_id, chapter_id, name) values (61,   1,   'Zoolab');
insert into unit (unit_id, chapter_id, name) values (62,   2,   'Duobam');
insert into unit (unit_id, chapter_id, name) values (63,   3,   'Stim');
insert into unit (unit_id, chapter_id, name) values (64,   4,   'Latlux');
insert into unit (unit_id, chapter_id, name) values (65,   5,   'Zaam-Dox');
insert into unit (unit_id, chapter_id, name) values (66,   6,   'Zontrax');
insert into unit (unit_id, chapter_id, name) values (67,   7,   'Home Ing');
insert into unit (unit_id, chapter_id, name) values (68,   8,   'Overhold');
insert into unit (unit_id, chapter_id, name) values (69,   9,   'Zamit');
insert into unit (unit_id, chapter_id, name) values (70,   10,  'It');
insert into unit (unit_id, chapter_id, name) values (71,   11,  'Voltsillam');
insert into unit (unit_id, chapter_id, name) values (72,   12,  'Rank');
insert into unit (unit_id, chapter_id, name) values (73,   13,  'Andalax');
insert into unit (unit_id, chapter_id, name) values (74,   14,  'Zoolab');
insert into unit (unit_id, chapter_id, name) values (75,   15,  'Domainer');
insert into unit (unit_id, chapter_id, name) values (76,   16,  'Transcof');
insert into unit (unit_id, chapter_id, name) values (77,   17,  'Duobam');
insert into unit (unit_id, chapter_id, name) values (78,   18,  'Duobam');
insert into unit (unit_id, chapter_id, name) values (79,   19,  'Fixflex');
insert into unit (unit_id, chapter_id, name) values (80,   20,  'Job');
insert into unit (unit_id, chapter_id, name) values (81,   1,   'Temp');
insert into unit (unit_id, chapter_id, name) values (82,   2,   'Span');
insert into unit (unit_id, chapter_id, name) values (83,   3,   'Gembucket');
insert into unit (unit_id, chapter_id, name) values (84,   4,   'Rank');
insert into unit (unit_id, chapter_id, name) values (85,   5,   'Vagram');
insert into unit (unit_id, chapter_id, name) values (86,   6,   'Stronghold');
insert into unit (unit_id, chapter_id, name) values (87,   7,   'Tempsoft');
insert into unit (unit_id, chapter_id, name) values (88,   8,   'Tres-Zap');
insert into unit (unit_id, chapter_id, name) values (89,   9,   'Kanlam');
insert into unit (unit_id, chapter_id, name) values (90,   10,  'Ronstring');
insert into unit (unit_id, chapter_id, name) values (91,   11,  'Zoolab');
insert into unit (unit_id, chapter_id, name) values (92,   12,  'Cardguard');
insert into unit (unit_id, chapter_id, name) values (93,   13,  'Bamity');
insert into unit (unit_id, chapter_id, name) values (94,   14,  'Y-find');
insert into unit (unit_id, chapter_id, name) values (95,   15,  'Mat Lam Tam');
insert into unit (unit_id, chapter_id, name) values (96,   16,  'Stringtough');
insert into unit (unit_id, chapter_id, name) values (97,   17,  'Viva');
insert into unit (unit_id, chapter_id, name) values (98,   18,  'Prodder');
insert into unit (unit_id, chapter_id, name) values (99,   19,  'Subin');
insert into unit (unit_id, chapter_id, name) values (100,  20,  'Lotlux');
insert into unit (unit_id, chapter_id, name) values (101,  1,   'Tres-Zap');
insert into unit (unit_id, chapter_id, name) values (102,  2,   'Hatity');
insert into unit (unit_id, chapter_id, name) values (103,  3,   'It');
insert into unit (unit_id, chapter_id, name) values (104,  4,   'Transcof');
insert into unit (unit_id, chapter_id, name) values (105,  5,   'Stronghold');
insert into unit (unit_id, chapter_id, name) values (106,  6,   'Tempsoft');
insert into unit (unit_id, chapter_id, name) values (107,  7,   'Zathin');
insert into unit (unit_id, chapter_id, name) values (108,  8,   'Quo Lux');
insert into unit (unit_id, chapter_id, name) values (109,  9,   'Asoka');
insert into unit (unit_id, chapter_id, name) values (110,  10,  'Quo Lux');
insert into unit (unit_id, chapter_id, name) values (111,  11,  'Kanlam');
insert into unit (unit_id, chapter_id, name) values (112,  12,  'Daltfresh');
insert into unit (unit_id, chapter_id, name) values (113,  13,  'Fixflex');
insert into unit (unit_id, chapter_id, name) values (114,  14,  'Holdlamis');
insert into unit (unit_id, chapter_id, name) values (115,  15,  'Duobam');
insert into unit (unit_id, chapter_id, name) values (116,  16,  'Rank');
insert into unit (unit_id, chapter_id, name) values (117,  17,  'Tresom');
insert into unit (unit_id, chapter_id, name) values (118,  18,  'Ronstring');
insert into unit (unit_id, chapter_id, name) values (119,  19,  'Tin');
insert into unit (unit_id, chapter_id, name) values (120,  20,  'Namfix');
insert into unit (unit_id, chapter_id, name) values (121,  1,   'Holdlamis');
insert into unit (unit_id, chapter_id, name) values (122,  2,   'Y-Solowarm');
insert into unit (unit_id, chapter_id, name) values (123,  3,   'Treeflex');
insert into unit (unit_id, chapter_id, name) values (124,  4,   'Vagram');
insert into unit (unit_id, chapter_id, name) values (125,  5,   'Temp');
insert into unit (unit_id, chapter_id, name) values (126,  6,   'Lotlux');
insert into unit (unit_id, chapter_id, name) values (127,  7,   'Span');
insert into unit (unit_id, chapter_id, name) values (128,  8,   'Tampflex');
insert into unit (unit_id, chapter_id, name) values (129,  9,   'Zamit');
insert into unit (unit_id, chapter_id, name) values (130,  10,  'Fix San');
insert into unit (unit_id, chapter_id, name) values (131,  11,  'Tin');
insert into unit (unit_id, chapter_id, name) values (132,  12,  'Domainer');
insert into unit (unit_id, chapter_id, name) values (133,  13,  'Ventosanzap');
insert into unit (unit_id, chapter_id, name) values (134,  14,  'Subin');
insert into unit (unit_id, chapter_id, name) values (135,  15,  'Bamity');
insert into unit (unit_id, chapter_id, name) values (136,  16,  'Flowdesk');
insert into unit (unit_id, chapter_id, name) values (137,  17,  'Ronstring');
insert into unit (unit_id, chapter_id, name) values (138,  18,  'Kanlam');
insert into unit (unit_id, chapter_id, name) values (139,  19,  'Viva');
insert into unit (unit_id, chapter_id, name) values (140,  20,  'Alphazap');
insert into unit (unit_id, chapter_id, name) values (141,  1,   'Namfix');
insert into unit (unit_id, chapter_id, name) values (142,  2,   'Daltfresh');
insert into unit (unit_id, chapter_id, name) values (143,  3,   'Opela');
insert into unit (unit_id, chapter_id, name) values (144,  4,   'Bitwolf');
insert into unit (unit_id, chapter_id, name) values (145,  5,   'Fintone');
insert into unit (unit_id, chapter_id, name) values (146,  6,   'Zontrax');
insert into unit (unit_id, chapter_id, name) values (147,  7,   'Zaam-Dox');
insert into unit (unit_id, chapter_id, name) values (148,  8,   'Temp');
insert into unit (unit_id, chapter_id, name) values (149,  9,   'Biodex');
insert into unit (unit_id, chapter_id, name) values (150,  10,  'Fixflex');
insert into unit (unit_id, chapter_id, name) values (151,  11,  'Stringtough');
insert into unit (unit_id, chapter_id, name) values (152,  12,  'Tampflex');
insert into unit (unit_id, chapter_id, name) values (153,  13,  'Ronstring');
insert into unit (unit_id, chapter_id, name) values (154,  14,  'Tempsoft');
insert into unit (unit_id, chapter_id, name) values (155,  15,  'Toughjoyfax');
insert into unit (unit_id, chapter_id, name) values (156,  16,  'Cardguard');
insert into unit (unit_id, chapter_id, name) values (157,  17,  'Bitchip');
insert into unit (unit_id, chapter_id, name) values (158,  18,  'Redhold');
insert into unit (unit_id, chapter_id, name) values (159,  19,  'Sonair');
insert into unit (unit_id, chapter_id, name) values (160,  20,  'Alphazap');
insert into unit (unit_id, chapter_id, name) values (161,  1,   'Cardguard');
insert into unit (unit_id, chapter_id, name) values (162,  2,   'Mat Lam Tam');
insert into unit (unit_id, chapter_id, name) values (163,  3,   'Subin');
insert into unit (unit_id, chapter_id, name) values (164,  4,   'Fintone');
insert into unit (unit_id, chapter_id, name) values (165,  5,   'Bigtax');
insert into unit (unit_id, chapter_id, name) values (166,  6,   'Cookley');
insert into unit (unit_id, chapter_id, name) values (167,  7,   'Namfix');
insert into unit (unit_id, chapter_id, name) values (168,  8,   'Flexidy');
insert into unit (unit_id, chapter_id, name) values (169,  9,   'Matsoft');
insert into unit (unit_id, chapter_id, name) values (170,  10,  'Regrant');
insert into unit (unit_id, chapter_id, name) values (171,  11,  'Regrant');
insert into unit (unit_id, chapter_id, name) values (172,  12,  'Ventosanzap');
insert into unit (unit_id, chapter_id, name) values (173,  13,  'Holdlamis');
insert into unit (unit_id, chapter_id, name) values (174,  14,  'Domainer');
insert into unit (unit_id, chapter_id, name) values (175,  15,  'Redhold');
insert into unit (unit_id, chapter_id, name) values (176,  16,  'Overhold');
insert into unit (unit_id, chapter_id, name) values (177,  17,  'Regrant');
insert into unit (unit_id, chapter_id, name) values (178,  18,  'Vagram');
insert into unit (unit_id, chapter_id, name) values (179,  19,  'Rank');
insert into unit (unit_id, chapter_id, name) values (180,  20,  'Alphazap');
insert into unit (unit_id, chapter_id, name) values (181,  1,   'Zaam-Dox');
insert into unit (unit_id, chapter_id, name) values (182,  2,   'Bitwolf');
insert into unit (unit_id, chapter_id, name) values (183,  3,   'Voltsillam');
insert into unit (unit_id, chapter_id, name) values (184,  4,   'Biodex');
insert into unit (unit_id, chapter_id, name) values (185,  5,   'Biodex');
insert into unit (unit_id, chapter_id, name) values (186,  6,   'Solarbreeze');
insert into unit (unit_id, chapter_id, name) values (187,  7,   'Domainer');
insert into unit (unit_id, chapter_id, name) values (188,  8,   'Stronghold');
insert into unit (unit_id, chapter_id, name) values (189,  9,   'Voltsillam');
insert into unit (unit_id, chapter_id, name) values (190,  10,  'Zathin');
insert into unit (unit_id, chapter_id, name) values (191,  11,  'Asoka');
insert into unit (unit_id, chapter_id, name) values (192,  12,  'Konklux');
insert into unit (unit_id, chapter_id, name) values (193,  13,  'Biodex');
insert into unit (unit_id, chapter_id, name) values (194,  14,  'Zathin');
insert into unit (unit_id, chapter_id, name) values (195,  15,  'Sonair');
insert into unit (unit_id, chapter_id, name) values (196,  16,  'Duobam');
insert into unit (unit_id, chapter_id, name) values (197,  17,  'Konklab');
insert into unit (unit_id, chapter_id, name) values (198,  18,  'Wrapsafe');
insert into unit (unit_id, chapter_id, name) values (199,  19,  'Regrant');
insert into unit (unit_id, chapter_id, name) values (200,  20,  'Cookley');


-- INSERT DATA FOR TABLE LESSON:   
insert into lesson (lesson_id, unit_id, name, type, video_url, flashcard_set_id, text, description) values (1,    1,       'Flexidy',     3, 'http://dummyimage.com/146x100.png/ff4444/ffffff',   0,   'Sprain of tarsometatarsal ligament of left foot, initial encounter', 'Parent-adopted child conflict');
insert into lesson (lesson_id, unit_id, name, type, video_url, flashcard_set_id, text, description) values (2,    2,       'Job',         3, 'http://dummyimage.com/131x100.png/cc0000/ffffff',   0,   'Driver of snowmobile injured in traffic accident', 'Other specified injury of other blood vessels at wrist and hand level of unspecified arm, sequela');
insert into lesson (lesson_id, unit_id, name, type, video_url, flashcard_set_id, text, description) values (3,    3,       'Stronghold',  3, 'http://dummyimage.com/120x100.png/cc0000/ffffff',   0,   'Acute perichondritis of external ear', 'Poisoning by other viral vaccines, undetermined, initial encounter');
insert into lesson (lesson_id, unit_id, name, type, video_url, flashcard_set_id, text, description) values (4,    4,       'Holdlamis',   3, 'http://dummyimage.com/150x100.png/ff4444/ffffff',   0,   'Displaced fracture of trapezoid [smaller multangular], unspecified wrist, initial encounter for closed fracture', 'Unspecified fracture of third thoracic vertebra, subsequent encounter for fracture with routine healing');
insert into lesson (lesson_id, unit_id, name, type, video_url, flashcard_set_id, text, description) values (5,    5,       'Andalax',     2, 'http://dummyimage.com/179x100.png/ff4444/ffffff',   0,   'Anaphylactic reaction due to vaccination', 'Contusion of left index finger with damage to nail');
insert into lesson (lesson_id, unit_id, name, type, video_url, flashcard_set_id, text, description) values (6,    6,       'Gembucket',   2, 'http://dummyimage.com/222x100.png/cc0000/ffffff',   0,   'Nondisplaced associated transverse-posterior fracture of left acetabulum, subsequent encounter for fracture with nonunion', 'Other forms of systemic sclerosis');
insert into lesson (lesson_id, unit_id, name, type, video_url, flashcard_set_id, text, description) values (7,    7,       'Sonair',      1, 'http://dummyimage.com/141x100.png/ff4444/ffffff',   0,   'Sprain of chondrosternal joint', 'Other fracture of fifth metacarpal bone, right hand, subsequent encounter for fracture with routine healing');
insert into lesson (lesson_id, unit_id, name, type, video_url, flashcard_set_id, text, description) values (8,    8,       'Wrapsafe',    2, 'http://dummyimage.com/205x100.png/cc0000/ffffff',   0,   'Nondisplaced fracture of hook process of hamate [unciform] bone, left wrist, initial encounter for open fracture', 'Flail joint, left ankle and foot');
insert into lesson (lesson_id, unit_id, name, type, video_url, flashcard_set_id, text, description) values (9,    9,       'Trippledex',  1, 'http://dummyimage.com/220x100.png/ff4444/ffffff',   0,   'Nondisplaced fracture of middle third of navicular [scaphoid] bone of right wrist, subsequent encounter for fracture with malunion', 'Exudative age-related macular degeneration, right eye, stage unspecified');
insert into lesson (lesson_id, unit_id, name, type, video_url, flashcard_set_id, text, description) values (10,   10,      'Fix San',     2, 'http://dummyimage.com/164x100.png/ff4444/ffffff',   0,   'Displaced fracture of lesser trochanter of left femur, sequela', 'Unspecified injury of muscle(s) and tendon(s) of the rotator cuff of unspecified shoulder');
insert into lesson (lesson_id, unit_id, name, type, video_url, flashcard_set_id, text, description) values (11,   11,      'Zamit',       1, 'http://dummyimage.com/218x100.png/cc0000/ffffff',   0,   'Salter-Harris Type II physeal fracture of lower end of unspecified tibia, initial encounter for closed fracture', 'Military operations involving explosion of improvised explosive device [IED], military personnel');
insert into lesson (lesson_id, unit_id, name, type, video_url, flashcard_set_id, text, description) values (12,   12,      'Sub-Ex',      1, 'http://dummyimage.com/133x100.png/ff4444/ffffff',   0,   'Poisoning by tricyclic antidepressants, accidental (unintentional), sequela', 'Complete lesion at C2 level of cervical spinal cord, subsequent encounter');
insert into lesson (lesson_id, unit_id, name, type, video_url, flashcard_set_id, text, description) values (13,   13,      'Matsoft',     3, 'http://dummyimage.com/138x100.png/5fa2dd/ffffff',   0,   'War operations involving friendly fire, sequela', 'Nondisplaced fracture of first metatarsal bone, right foot, initial encounter for closed fracture');
insert into lesson (lesson_id, unit_id, name, type, video_url, flashcard_set_id, text, description) values (14,   14,      'Viva',        2, 'http://dummyimage.com/180x100.png/5fa2dd/ffffff',   0,   'Laceration of other blood vessels at lower leg level', 'Salter-Harris Type I physeal fracture of phalanx of unspecified toe, initial encounter for closed fracture');
insert into lesson (lesson_id, unit_id, name, type, video_url, flashcard_set_id, text, description) values (15,   15,      'Asoka',       3, 'http://dummyimage.com/142x100.png/dddddd/000000',   0,   'External constriction of right back wall of thorax', 'Exposure to sudden change in air pressure in aircraft during descent, initial encounter');
insert into lesson (lesson_id, unit_id, name, type, video_url, flashcard_set_id, text, description) values (16,   16,      'Transcof',    2, 'http://dummyimage.com/232x100.png/ff4444/ffffff',   0,   'Laceration with foreign body of right great toe without damage to nail, sequela', 'Salter-Harris Type II physeal fracture of unspecified metatarsal');
insert into lesson (lesson_id, unit_id, name, type, video_url, flashcard_set_id, text, description) values (17,   17,      'Regrant',     1, 'http://dummyimage.com/128x100.png/ff4444/ffffff',   0,   'Puncture wound with foreign body of right middle finger with damage to nail, subsequent encounter', 'Poisoning by antiasthmatics, intentional self-harm');
insert into lesson (lesson_id, unit_id, name, type, video_url, flashcard_set_id, text, description) values (18,   18,      'Konklab',     3, 'http://dummyimage.com/231x100.png/5fa2dd/ffffff',   0,   'Drug-induced chronic gout, unspecified shoulder', 'Nondisplaced fracture of left tibial tuberosity, subsequent encounter for open fracture type I or II with malunion');
insert into lesson (lesson_id, unit_id, name, type, video_url, flashcard_set_id, text, description) values (19,   19,      'Mat Lam Tam', 3, 'http://dummyimage.com/228x100.png/dddddd/000000',   0,   'Displaced fracture of greater tuberosity of unspecified humerus, sequela', 'Follicular lymphoma grade IIIa, intrathoracic lymph nodes');
insert into lesson (lesson_id, unit_id, name, type, video_url, flashcard_set_id, text, description) values (20,   20,      'Toughjoyfax', 1, 'http://dummyimage.com/172x100.png/cc0000/ffffff',   0,   'Pressure ulcer of unspecified site, stage 2', 'Displaced comminuted fracture of shaft of ulna, right arm, subsequent encounter for closed fracture with malunion');
insert into lesson (lesson_id, unit_id, name, type, video_url, flashcard_set_id, text, description) values (21,   1,       'Zontrax',     2, 'http://dummyimage.com/177x100.png/cc0000/ffffff',   0,   'Nondisplaced segmental fracture of shaft of right fibula, subsequent encounter for open fracture type IIIA, IIIB, or IIIC with delayed healing', 'Other fracture of right patella, subsequent encounter for open fracture type IIIA, IIIB, or IIIC with malunion');
insert into lesson (lesson_id, unit_id, name, type, video_url, flashcard_set_id, text, description) values (22,   2,       'Redhold',     2, 'http://dummyimage.com/197x100.png/dddddd/000000',   0,   'Motorcycle rider (driver) (passenger) injured in unspecified nontraffic accident, sequela', 'Unspecified subluxation of left middle finger');
insert into lesson (lesson_id, unit_id, name, type, video_url, flashcard_set_id, text, description) values (23,   3,       'Trippledex',  2, 'http://dummyimage.com/209x100.png/ff4444/ffffff',   0,   'Salter-Harris Type IV physeal fracture of upper end of radius', 'Traumatic hemorrhage of cerebrum, unspecified, without loss of consciousness, subsequent encounter');
insert into lesson (lesson_id, unit_id, name, type, video_url, flashcard_set_id, text, description) values (24,   4,       'Y-Solowarm',  1, 'http://dummyimage.com/166x100.png/cc0000/ffffff',   0,   'Minor laceration of celiac artery', 'Congenital stenosis and stricture of esophagus');
insert into lesson (lesson_id, unit_id, name, type, video_url, flashcard_set_id, text, description) values (25,   5,       'Trippledex',  3, 'http://dummyimage.com/214x100.png/dddddd/000000',   0,   'Unspecified fracture of unspecified toe(s), subsequent encounter for fracture with malunion', 'Epileptic spasms, intractable, with status epilepticus');
insert into lesson (lesson_id, unit_id, name, type, video_url, flashcard_set_id, text, description) values (26,   6,       'Tresom',      3, 'http://dummyimage.com/149x100.png/dddddd/000000',   0,   'Laceration without foreign body of right upper arm', 'Nondisplaced spiral fracture of shaft of unspecified femur, subsequent encounter for open fracture type I or II with nonunion');
insert into lesson (lesson_id, unit_id, name, type, video_url, flashcard_set_id, text, description) values (27,   7,       'Holdlamis',   1, 'http://dummyimage.com/146x100.png/dddddd/000000',   0,   'Skin transplant status', 'Nondisplaced comminuted fracture of shaft of left fibula, subsequent encounter for open fracture type I or II with nonunion');
insert into lesson (lesson_id, unit_id, name, type, video_url, flashcard_set_id, text, description) values (28,   8,       'Flexidy',     2, 'http://dummyimage.com/122x100.png/5fa2dd/ffffff',   0,   'Sprain of unspecified acromioclavicular joint', 'Underdosing of unspecified systemic anti-infectives and antiparasitics');
insert into lesson (lesson_id, unit_id, name, type, video_url, flashcard_set_id, text, description) values (29,   9,       'Span',        2, 'http://dummyimage.com/143x100.png/cc0000/ffffff',   0,   'Displaced fracture of capitate [os magnum] bone, right wrist, subsequent encounter for fracture with nonunion', 'Postprocedural seroma of skin and subcutaneous tissue following a dermatologic procedure');
insert into lesson (lesson_id, unit_id, name, type, video_url, flashcard_set_id, text, description) values (30,   10,      'Voltsillam',  3, 'http://dummyimage.com/144x100.png/5fa2dd/ffffff',   0,   'Drowning and submersion due to other accident to sailboat', 'Other specified disorders of nose and nasal sinuses');
insert into lesson (lesson_id, unit_id, name, type, video_url, flashcard_set_id, text, description) values (31,   11,      'Veribet',     3, 'http://dummyimage.com/179x100.png/dddddd/000000',   0,   'Nondisplaced fracture of proximal phalanx of left great toe, sequela', 'Edema, not elsewhere classified');
insert into lesson (lesson_id, unit_id, name, type, video_url, flashcard_set_id, text, description) values (32,   12,      'Zaam-Dox',    1, 'http://dummyimage.com/215x100.png/cc0000/ffffff',   0,   'Bitten by other mammals', 'Incarcerated fracture (avulsion) of medial epicondyle of unspecified humerus, subsequent encounter for fracture with nonunion');
insert into lesson (lesson_id, unit_id, name, type, video_url, flashcard_set_id, text, description) values (33,   13,      'Bitchip',     1, 'http://dummyimage.com/157x100.png/5fa2dd/ffffff',   0,   'Displaced fracture of neck of fourth metacarpal bone, right hand, subsequent encounter for fracture with nonunion', 'Chorioretinal scars');
insert into lesson (lesson_id, unit_id, name, type, video_url, flashcard_set_id, text, description) values (34,   14,      'Temp',        2, 'http://dummyimage.com/159x100.png/ff4444/ffffff',   0,   'Crushing injury of left ring finger', 'Other fracture of unspecified lesser toe(s), initial encounter for closed fracture');
insert into lesson (lesson_id, unit_id, name, type, video_url, flashcard_set_id, text, description) values (35,   15,      'Fix San',     1, 'http://dummyimage.com/186x100.png/cc0000/ffffff',   0,   'Diabetes mellitus due to underlying condition with hyperosmolarity without nonketotic hyperglycemic-hyperosmolar coma (NKHHC)', 'Cerebral infarction due to thrombosis of cerebellar artery');
insert into lesson (lesson_id, unit_id, name, type, video_url, flashcard_set_id, text, description) values (36,   16,      'Quo Lux',     1, 'http://dummyimage.com/225x100.png/ff4444/ffffff',   0,   'Nondisplaced fracture of posterior column [ilioischial] of unspecified acetabulum, subsequent encounter for fracture with routine healing', 'Frostbite with tissue necrosis of left hand, initial encounter');
insert into lesson (lesson_id, unit_id, name, type, video_url, flashcard_set_id, text, description) values (37,   17,      'Kanlam',      2, 'http://dummyimage.com/146x100.png/dddddd/000000',   0,   'Nondisplaced avulsion fracture of unspecified ilium, subsequent encounter for fracture with routine healing', 'Other anterior dislocation of left hip, sequela');
insert into lesson (lesson_id, unit_id, name, type, video_url, flashcard_set_id, text, description) values (38,   18,      'Biodex',      2, 'http://dummyimage.com/151x100.png/5fa2dd/ffffff',   0,   'Unspecified injury of muscle and tendon of long extensor muscle of toe at ankle and foot level, right foot', 'Poisoning by, adverse effect of and underdosing of other nonsteroidal anti-inflammatory drugs [NSAID]');
insert into lesson (lesson_id, unit_id, name, type, video_url, flashcard_set_id, text, description) values (39,   19,      'Tempsoft',    3, 'http://dummyimage.com/123x100.png/ff4444/ffffff',   0,   'Non-pressure chronic ulcer of other part of right foot', 'Poisoning by other viral vaccines, accidental (unintentional), initial encounter');
insert into lesson (lesson_id, unit_id, name, type, video_url, flashcard_set_id, text, description) values (40,   20,      'Flowdesk',    2, 'http://dummyimage.com/135x100.png/cc0000/ffffff',   0,   'Adverse effect of other narcotics, sequela', 'Unspecified fracture of third metacarpal bone, left hand, subsequent encounter for fracture with delayed healing');
insert into lesson (lesson_id, unit_id, name, type, video_url, flashcard_set_id, text, description) values (41,   1,       'Veribet',     2, 'http://dummyimage.com/100x100.png/5fa2dd/ffffff',   0,   'Earthquake, initial encounter', 'Unspecified otitis externa, bilateral');
insert into lesson (lesson_id, unit_id, name, type, video_url, flashcard_set_id, text, description) values (42,   2,       'Andalax',     3, 'http://dummyimage.com/181x100.png/cc0000/ffffff',   0,   'Underdosing of 4-Aminophenol derivatives, subsequent encounter', 'Neurosyphilis, unspecified');
insert into lesson (lesson_id, unit_id, name, type, video_url, flashcard_set_id, text, description) values (43,   3,       'Lotlux',      2, 'http://dummyimage.com/194x100.png/5fa2dd/ffffff',   0,   'Unspecified fracture of left ilium, initial encounter for closed fracture', 'Nondisplaced oblique fracture of shaft of left fibula, subsequent encounter for closed fracture with malunion');
insert into lesson (lesson_id, unit_id, name, type, video_url, flashcard_set_id, text, description) values (44,   4,       'Pannier',     2, 'http://dummyimage.com/141x100.png/ff4444/ffffff',   0,   'Adverse effect of other drugs, medicaments and biological substances', 'Mechanical lagophthalmos right upper eyelid');
insert into lesson (lesson_id, unit_id, name, type, video_url, flashcard_set_id, text, description) values (45,   5,       'Toughjoyfax', 3, 'http://dummyimage.com/178x100.png/dddddd/000000',   0,   'Contusion of right great toe without damage to nail', 'Complete traumatic amputation of unspecified breast, subsequent encounter');
insert into lesson (lesson_id, unit_id, name, type, video_url, flashcard_set_id, text, description) values (46,   6,       'Fixflex',     2, 'http://dummyimage.com/132x100.png/cc0000/ffffff',   0,   'Other fracture of upper end of unspecified ulna, subsequent encounter for closed fracture with nonunion', 'Contusion of left knee, subsequent encounter');
insert into lesson (lesson_id, unit_id, name, type, video_url, flashcard_set_id, text, description) values (47,   7,       'Stronghold',  1, 'http://dummyimage.com/177x100.png/dddddd/000000',   0,   'Driver of bus injured in collision with car, pick-up truck or van in traffic accident, subsequent encounter', 'Nondisplaced fracture of left ulna styloid process, subsequent encounter for closed fracture with routine healing');
insert into lesson (lesson_id, unit_id, name, type, video_url, flashcard_set_id, text, description) values (48,   8,       'Treeflex',    1, 'http://dummyimage.com/118x100.png/ff4444/ffffff',   0,   'Other fracture of lower end of left ulna, subsequent encounter for open fracture type IIIA, IIIB, or IIIC with malunion', 'Polyhydramnios, unspecified trimester, not applicable or unspecified');
insert into lesson (lesson_id, unit_id, name, type, video_url, flashcard_set_id, text, description) values (49,   9,       'Bigtax',      2, 'http://dummyimage.com/150x100.png/dddddd/000000',   0,   'Displaced fracture of neck of right radius, subsequent encounter for closed fracture with nonunion', 'Contact with contaminated hypodermic needle');
insert into lesson (lesson_id, unit_id, name, type, video_url, flashcard_set_id, text, description) values (50,   10,      'Home Ing',    2, 'http://dummyimage.com/147x100.png/dddddd/000000',   0,   'Leakage of surgically created arteriovenous fistula', 'Other specified urinary incontinence');
insert into lesson (lesson_id, unit_id, name, type, video_url, flashcard_set_id, text, description) values (51,   11,      'Zamit',       1, 'http://dummyimage.com/117x100.png/5fa2dd/ffffff',   0,   'Intraventricular (nontraumatic) hemorrhage, grade 4, of newborn', 'Displaced fracture of proximal phalanx of right great toe, sequela');
insert into lesson (lesson_id, unit_id, name, type, video_url, flashcard_set_id, text, description) values (52,   12,      'Stim',        1, 'http://dummyimage.com/208x100.png/dddddd/000000',   0,   'Nondisplaced fracture of neck of unspecified talus, initial encounter for open fracture', 'Other atherosclerosis of native arteries of extremities');
insert into lesson (lesson_id, unit_id, name, type, video_url, flashcard_set_id, text, description) values (53,   13,      'Lotstring',   1, 'http://dummyimage.com/233x100.png/5fa2dd/ffffff',   0,   'Toxic effect of venom of wasps, assault, initial encounter', 'Infection of amputation stump, left upper extremity');
insert into lesson (lesson_id, unit_id, name, type, video_url, flashcard_set_id, text, description) values (54,   14,      'Holdlamis',   3, 'http://dummyimage.com/170x100.png/cc0000/ffffff',   0,   'Fall on same level from slipping, tripping and stumbling', 'Displaced longitudinal fracture of unspecified patella, subsequent encounter for closed fracture with routine healing');
insert into lesson (lesson_id, unit_id, name, type, video_url, flashcard_set_id, text, description) values (55,   15,      'Transcof',    1, 'http://dummyimage.com/185x100.png/cc0000/ffffff',   0,   'Toxic effect of other specified inorganic substances, assault', 'Unspecified injury of other blood vessels at forearm level, left arm, sequela');
insert into lesson (lesson_id, unit_id, name, type, video_url, flashcard_set_id, text, description) values (56,   16,      'Stringtough', 2, 'http://dummyimage.com/204x100.png/cc0000/ffffff',   0,   'Other fracture of upper end of unspecified ulna, subsequent encounter for open fracture type I or II with delayed healing', 'Nondisplaced fracture of proximal phalanx of unspecified finger, initial encounter for closed fracture');
insert into lesson (lesson_id, unit_id, name, type, video_url, flashcard_set_id, text, description) values (57,   17,      'Opela',       1, 'http://dummyimage.com/125x100.png/dddddd/000000',   0,   'Contusion and laceration of left cerebrum with loss of consciousness greater than 24 hours without return to pre-existing conscious level with patient surviving', 'Laceration without foreign body of abdominal wall, periumbilic region without penetration into peritoneal cavity, initial encounter');
insert into lesson (lesson_id, unit_id, name, type, video_url, flashcard_set_id, text, description) values (58,   18,      'Alpha',       2, 'http://dummyimage.com/141x100.png/cc0000/ffffff',   0,   'Unspecified occupant of bus injured in collision with railway train or railway vehicle in traffic accident', 'Underdosing of unspecified anesthetics');
insert into lesson (lesson_id, unit_id, name, type, video_url, flashcard_set_id, text, description) values (59,   19,      'Hatity',      2, 'http://dummyimage.com/116x100.png/dddddd/000000',   0,   'Other mechanical complication of implanted electronic neurostimulator of peripheral nerve electrode (lead)', 'Ulceration of vagina');
insert into lesson (lesson_id, unit_id, name, type, video_url, flashcard_set_id, text, description) values (60,   20,      'Zaam-Dox',    2, 'http://dummyimage.com/238x100.png/ff4444/ffffff',   0,   'Superficial frostbite of unspecified wrist, sequela', 'Malignant neoplasm of axillary tail of right male breast');
insert into lesson (lesson_id, unit_id, name, type, video_url, flashcard_set_id, text, description) values (61,   1,       'Alphazap',    3, 'http://dummyimage.com/186x100.png/5fa2dd/ffffff',   0,   'Flail joint, right hip', 'Nondisplaced fracture of lunate [semilunar], unspecified wrist, subsequent encounter for fracture with malunion');
insert into lesson (lesson_id, unit_id, name, type, video_url, flashcard_set_id, text, description) values (62,   2,       'Regrant',     3, 'http://dummyimage.com/111x100.png/dddddd/000000',   0,   'Other gonococcal eye infection', 'Drowning and submersion due to fall off water-skis');
insert into lesson (lesson_id, unit_id, name, type, video_url, flashcard_set_id, text, description) values (63,   3,       'Voltsillam',  2, 'http://dummyimage.com/202x100.png/cc0000/ffffff',   0,   'Stress fracture, right fibula, subsequent encounter for fracture with nonunion', 'Unspecified sprain of left little finger, subsequent encounter');
insert into lesson (lesson_id, unit_id, name, type, video_url, flashcard_set_id, text, description) values (64,   4,       'Fintone',     2, 'http://dummyimage.com/243x100.png/5fa2dd/ffffff',   0,   'Strain of unspecified muscle, fascia and tendon at shoulder and upper arm level, left arm, subsequent encounter', 'Balloon fire injuring occupant');
insert into lesson (lesson_id, unit_id, name, type, video_url, flashcard_set_id, text, description) values (65,   5,       'Treeflex',    1, 'http://dummyimage.com/249x100.png/cc0000/ffffff',   0,   'Displaced fracture of body of unspecified talus, subsequent encounter for fracture with nonunion', 'Posterior cyclitis, left eye');
insert into lesson (lesson_id, unit_id, name, type, video_url, flashcard_set_id, text, description) values (66,   6,       'Namfix',      1, 'http://dummyimage.com/231x100.png/dddddd/000000',   0,   'Terrorism involving firearms, civilian injured, subsequent encounter', 'Displaced fracture of posterior process of unspecified talus');
insert into lesson (lesson_id, unit_id, name, type, video_url, flashcard_set_id, text, description) values (67,   7,       'Stronghold',  2, 'http://dummyimage.com/155x100.png/5fa2dd/ffffff',   0,   'Subluxation of unspecified thoracic vertebra, sequela', 'Injury of blood vessel of thumb');
insert into lesson (lesson_id, unit_id, name, type, video_url, flashcard_set_id, text, description) values (68,   8,       'Andalax',     3, 'http://dummyimage.com/213x100.png/dddddd/000000',   0,   'Nondisplaced fracture of coronoid process of unspecified ulna, subsequent encounter for closed fracture with nonunion', 'Infective myositis, unspecified forearm');
insert into lesson (lesson_id, unit_id, name, type, video_url, flashcard_set_id, text, description) values (69,   9,       'Greenlam',    1, 'http://dummyimage.com/210x100.png/ff4444/ffffff',   0,   'Other intraarticular fracture of lower end of right radius, subsequent encounter for closed fracture with nonunion', 'Nondisplaced fracture of greater tuberosity of left humerus, subsequent encounter for fracture with nonunion');
insert into lesson (lesson_id, unit_id, name, type, video_url, flashcard_set_id, text, description) values (70,   10,      'Tresom',      2, 'http://dummyimage.com/133x100.png/ff4444/ffffff',   0,   'Postpartum inversion of uterus', 'Exposure to sudden change in air pressure in aircraft during ascent');
insert into lesson (lesson_id, unit_id, name, type, video_url, flashcard_set_id, text, description) values (71,   11,      'Tempsoft',    2, 'http://dummyimage.com/244x100.png/cc0000/ffffff',   0,   'Arthropathies in other specified diseases classified elsewhere, left wrist', 'Displaced articular fracture of head of right femur, subsequent encounter for open fracture type I or II with routine healing');
insert into lesson (lesson_id, unit_id, name, type, video_url, flashcard_set_id, text, description) values (72,   12,      'Stim',        1, 'http://dummyimage.com/174x100.png/cc0000/ffffff',   0,   'Other injury of other extensor muscle, fascia and tendon at forearm level, left arm, subsequent encounter', 'Nondisplaced transverse fracture of shaft of left radius, subsequent encounter for open fracture type IIIA, IIIB, or IIIC with nonunion');
insert into lesson (lesson_id, unit_id, name, type, video_url, flashcard_set_id, text, description) values (73,   13,      'Ronstring',   3, 'http://dummyimage.com/125x100.png/dddddd/000000',   0,   'Other mechanical complication of implanted electronic neurostimulator of peripheral nerve electrode (lead)', 'Partial traumatic amputation at knee level');
insert into lesson (lesson_id, unit_id, name, type, video_url, flashcard_set_id, text, description) values (74,   14,      'Y-Solowarm',  1, 'http://dummyimage.com/135x100.png/cc0000/ffffff',   0,   'Contusion and laceration of right cerebrum with loss of consciousness of any duration with death due to other cause prior to regaining consciousness, initial encounter', 'Lead-induced chronic gout, left shoulder');
insert into lesson (lesson_id, unit_id, name, type, video_url, flashcard_set_id, text, description) values (75,   15,      'Zamit',       2, 'http://dummyimage.com/226x100.png/dddddd/000000',   0,   'Stress fracture, unspecified tibia and fibula, sequela', 'Unspecified occupant of three-wheeled motor vehicle injured in collision with railway train or railway vehicle in traffic accident, sequela');
insert into lesson (lesson_id, unit_id, name, type, video_url, flashcard_set_id, text, description) values (76,   16,      'Hatity',      2, 'http://dummyimage.com/226x100.png/dddddd/000000',   0,   'Alzheimer''s disease', 'Mansonelliasis');
insert into lesson (lesson_id, unit_id, name, type, video_url, flashcard_set_id, text, description) values (77,   17,      'Wrapsafe',    3, 'http://dummyimage.com/179x100.png/ff4444/ffffff',   0,   'Contact with and (suspected) exposure to other environmental pollution', 'Unspecified occupant of special industrial vehicle injured in nontraffic accident, sequela');
insert into lesson (lesson_id, unit_id, name, type, video_url, flashcard_set_id, text, description) values (78,   18,      'Flexidy',     1, 'http://dummyimage.com/108x100.png/dddddd/000000',   0,   'Passenger on bus injured in collision with other nonmotor vehicle in nontraffic accident, subsequent encounter', 'Motorcycle driver injured in collision with pedestrian or animal in traffic accident');
insert into lesson (lesson_id, unit_id, name, type, video_url, flashcard_set_id, text, description) values (79,   19,      'Fixflex',     3, 'http://dummyimage.com/142x100.png/cc0000/ffffff',   0,   'Accidental puncture and laceration of a circulatory system organ or structure during a procedure', 'Agenesis, aplasia and hypoplasia of gallbladder');
insert into lesson (lesson_id, unit_id, name, type, video_url, flashcard_set_id, text, description) values (80,   20,      'Bamity',      2, 'http://dummyimage.com/125x100.png/5fa2dd/ffffff',   0,   'Unspecified fracture of the lower end of unspecified radius, subsequent encounter for open fracture type IIIA, IIIB, or IIIC with delayed healing', 'Blue sclera');
insert into lesson (lesson_id, unit_id, name, type, video_url, flashcard_set_id, text, description) values (81,   1,       'Cardguard',   3, 'http://dummyimage.com/228x100.png/dddddd/000000',   0,   'Displaced bicondylar fracture of unspecified tibia', 'Displaced other fracture of tuberosity of right calcaneus, initial encounter for open fracture');
insert into lesson (lesson_id, unit_id, name, type, video_url, flashcard_set_id, text, description) values (82,   2,       'Redhold',     3, 'http://dummyimage.com/130x100.png/cc0000/ffffff',   0,   'Nondisplaced fracture of distal phalanx of right index finger, subsequent encounter for fracture with delayed healing', 'Type I occipital condyle fracture, unspecified side, initial encounter for closed fracture');
insert into lesson (lesson_id, unit_id, name, type, video_url, flashcard_set_id, text, description) values (83,   3,       'Kanlam',      3, 'http://dummyimage.com/167x100.png/ff4444/ffffff',   0,   'Other specified injury of unspecified blood vessel at shoulder and upper arm level, right arm, subsequent encounter', 'Postimmunization arthropathy, vertebrae');
insert into lesson (lesson_id, unit_id, name, type, video_url, flashcard_set_id, text, description) values (84,   4,       'Hatity',      3, 'http://dummyimage.com/196x100.png/5fa2dd/ffffff',   0,   'Nondisplaced fracture of second metatarsal bone, unspecified foot, subsequent encounter for fracture with nonunion', 'Idiopathic chronic gout, right elbow, without tophus (tophi)');
insert into lesson (lesson_id, unit_id, name, type, video_url, flashcard_set_id, text, description) values (85,   5,       'Stim',        3, 'http://dummyimage.com/180x100.png/dddddd/000000',   0,   'Displacement of other bone devices, implants and grafts, subsequent encounter', 'Nondisplaced unspecified fracture of left great toe');
insert into lesson (lesson_id, unit_id, name, type, video_url, flashcard_set_id, text, description) values (86,   6,       'Fintone',     2, 'http://dummyimage.com/228x100.png/ff4444/ffffff',   0,   'Dislocation of metacarpophalangeal joint of left thumb', 'Nonrheumatic aortic (valve) insufficiency');
insert into lesson (lesson_id, unit_id, name, type, video_url, flashcard_set_id, text, description) values (87,   7,       'Bitwolf',     1, 'http://dummyimage.com/180x100.png/cc0000/ffffff',   0,   'Salter-Harris Type IV physeal fracture of phalanx of left toe, initial encounter for closed fracture', 'Unspecified fracture of T11-T12 vertebra, subsequent encounter for fracture with delayed healing');
insert into lesson (lesson_id, unit_id, name, type, video_url, flashcard_set_id, text, description) values (88,   8,       'Tampflex',    1, 'http://dummyimage.com/209x100.png/5fa2dd/ffffff',   0,   'Erythema multiforme', 'Essential (hemorrhagic) thrombocythemia');
insert into lesson (lesson_id, unit_id, name, type, video_url, flashcard_set_id, text, description) values (89,   9,       'Biodex',      3, 'http://dummyimage.com/244x100.png/cc0000/ffffff',   0,   'Opioid dependence with opioid-induced sexual dysfunction', 'Poisoning by coronary vasodilators, assault, subsequent encounter');
insert into lesson (lesson_id, unit_id, name, type, video_url, flashcard_set_id, text, description) values (90,   10,      'Alpha',       2, 'http://dummyimage.com/244x100.png/cc0000/ffffff',   0,   'Unspecified injury of intrinsic muscle and tendon at ankle and foot level, left foot', 'Malignant neoplasm of short bones of left upper limb');
insert into lesson (lesson_id, unit_id, name, type, video_url, flashcard_set_id, text, description) values (91,   11,      'Solarbreeze', 1, 'http://dummyimage.com/234x100.png/dddddd/000000',   0,   'Sprain of metacarpophalangeal joint of left middle finger, subsequent encounter', 'Pathological fracture in neoplastic disease, right ulna, sequela');
insert into lesson (lesson_id, unit_id, name, type, video_url, flashcard_set_id, text, description) values (92,   12,      'Veribet',     2, 'http://dummyimage.com/162x100.png/dddddd/000000',   0,   'Toxic effect of other specified noxious substances eaten as food, assault, initial encounter', 'Familial chondrocalcinosis, knee');
insert into lesson (lesson_id, unit_id, name, type, video_url, flashcard_set_id, text, description) values (93,   13,      'Greenlam',    2, 'http://dummyimage.com/136x100.png/5fa2dd/ffffff',   0,   'Person injured in collision between heavy transport vehicle and bus, nontraffic, sequela', 'Burn of first degree of unspecified lower leg, sequela');
insert into lesson (lesson_id, unit_id, name, type, video_url, flashcard_set_id, text, description) values (94,   14,      'Namfix',      3, 'http://dummyimage.com/118x100.png/cc0000/ffffff',   0,   'Partial traumatic amputation of female external genital organs, sequela', 'Brown-Sequard syndrome at C2 level of cervical spinal cord, subsequent encounter');
insert into lesson (lesson_id, unit_id, name, type, video_url, flashcard_set_id, text, description) values (95,   15,      'Prodder',     1, 'http://dummyimage.com/189x100.png/ff4444/ffffff',   0,   'Smith''s fracture of left radius, subsequent encounter for closed fracture with routine healing', 'Fracture of unspecified phalanx of left little finger, subsequent encounter for fracture with malunion');
insert into lesson (lesson_id, unit_id, name, type, video_url, flashcard_set_id, text, description) values (96,   16,      'Daltfresh',   3, 'http://dummyimage.com/167x100.png/cc0000/ffffff',   0,   'Acute embolism and thrombosis of unspecified veins of unspecified upper extremity', 'Pain in right arm');
insert into lesson (lesson_id, unit_id, name, type, video_url, flashcard_set_id, text, description) values (97,   17,      'Zamit',       1, 'http://dummyimage.com/123x100.png/5fa2dd/ffffff',   0,   'Chronic radiodermatitis', 'Injury of digital nerve of right ring finger, sequela');
insert into lesson (lesson_id, unit_id, name, type, video_url, flashcard_set_id, text, description) values (98,   18,      'Job',         2, 'http://dummyimage.com/216x100.png/cc0000/ffffff',   0,   'Injury of femoral nerve at hip and thigh level, right leg, subsequent encounter', 'Driver of bus injured in collision with heavy transport vehicle or bus in traffic accident, sequela');
insert into lesson (lesson_id, unit_id, name, type, video_url, flashcard_set_id, text, description) values (99,   19,      'Lotlux',      1, 'http://dummyimage.com/224x100.png/5fa2dd/ffffff',   0,   'Occupant of pick-up truck or van injured in collision with pedestrian or animal', 'Burn of first degree of neck, sequela');
insert into lesson (lesson_id, unit_id, name, type, video_url, flashcard_set_id, text, description) values (100,  20,      'Y-find',      1, 'http://dummyimage.com/239x100.png/cc0000/ffffff',   0,   'Subluxation of proximal interphalangeal joint of right thumb', 'Open bite of left thumb without damage to nail, initial encounter');
insert into lesson (lesson_id, unit_id, name, type, video_url, flashcard_set_id, text, description) values (101,  1,       'Sonair',      3, 'http://dummyimage.com/243x100.png/5fa2dd/ffffff',   0,   'Nondisplaced fracture of lateral malleolus of left fibula, subsequent encounter for open fracture type IIIA, IIIB, or IIIC with routine healing', 'Other specified inflammatory spondylopathies, thoracolumbar region');
insert into lesson (lesson_id, unit_id, name, type, video_url, flashcard_set_id, text, description) values (102,  2,       'Kanlam',      2, 'http://dummyimage.com/130x100.png/dddddd/000000',   0,   'Person on outside of pick-up truck or van injured in collision with fixed or stationary object in nontraffic accident', 'Unspecified fracture of unspecified femur, initial encounter for open fracture type IIIA, IIIB, or IIIC');
insert into lesson (lesson_id, unit_id, name, type, video_url, flashcard_set_id, text, description) values (103,  3,       'Lotstring',   1, 'http://dummyimage.com/219x100.png/ff4444/ffffff',   0,   'Arthritis due to other bacteria, elbow', 'Intervertebral disc stenosis of neural canal of cervical region');
insert into lesson (lesson_id, unit_id, name, type, video_url, flashcard_set_id, text, description) values (104,  4,       'Redhold',     3, 'http://dummyimage.com/132x100.png/cc0000/ffffff',   0,   'Nondisplaced fracture of distal phalanx of unspecified great toe, initial encounter for open fracture', 'Laceration with foreign body of left thumb without damage to nail, sequela');
insert into lesson (lesson_id, unit_id, name, type, video_url, flashcard_set_id, text, description) values (105,  5,       'Keylex',      3, 'http://dummyimage.com/104x100.png/cc0000/ffffff',   0,   'Traumatic subdural hemorrhage with loss of consciousness of 31 minutes to 59 minutes, subsequent encounter', 'Insect bite (nonvenomous) of left little finger, sequela');
insert into lesson (lesson_id, unit_id, name, type, video_url, flashcard_set_id, text, description) values (106,  6,       'Keylex',      1, 'http://dummyimage.com/106x100.png/ff4444/ffffff',   0,   'Unspecified injury of unspecified blood vessel at ankle and foot level, unspecified leg', 'Nondisplaced fracture of shaft of right clavicle, sequela');
insert into lesson (lesson_id, unit_id, name, type, video_url, flashcard_set_id, text, description) values (107,  7,       'Latlux',      3, 'http://dummyimage.com/128x100.png/cc0000/ffffff',   0,   'Nipple discharge', 'Osteochondrosis (juvenile) of metacarpal heads [Mauclaire], right hand');
insert into lesson (lesson_id, unit_id, name, type, video_url, flashcard_set_id, text, description) values (108,  8,       'Vagram',      1, 'http://dummyimage.com/177x100.png/ff4444/ffffff',   0,   'Other complications specific to multiple gestation', 'Adverse effect of anticholinesterase agents, subsequent encounter');
insert into lesson (lesson_id, unit_id, name, type, video_url, flashcard_set_id, text, description) values (109,  9,       'Cookley',     1, 'http://dummyimage.com/164x100.png/5fa2dd/ffffff',   0,   'Other specified disorders of Eustachian tube, left ear', 'Other secondary chronic gout, left shoulder, with tophus (tophi)');
insert into lesson (lesson_id, unit_id, name, type, video_url, flashcard_set_id, text, description) values (110,  10,      'Solarbreeze', 3, 'http://dummyimage.com/138x100.png/dddddd/000000',   0,   'Complete lesion at T11-T12 level of thoracic spinal cord', 'Legal intervention involving other specified means');
insert into lesson (lesson_id, unit_id, name, type, video_url, flashcard_set_id, text, description) values (111,  11,      'Veribet',     1, 'http://dummyimage.com/127x100.png/cc0000/ffffff',   0,   'Contusion and laceration of cerebrum, unspecified, with loss of consciousness of unspecified duration, initial encounter', 'Unspecified fracture of shaft of right fibula, subsequent encounter for open fracture type I or II with nonunion');
insert into lesson (lesson_id, unit_id, name, type, video_url, flashcard_set_id, text, description) values (112,  12,      'Cardify',     3, 'http://dummyimage.com/241x100.png/5fa2dd/ffffff',   0,   'Localized swelling, mass and lump, right lower limb', 'Person on outside of heavy transport vehicle injured in collision with heavy transport vehicle or bus in nontraffic accident, subsequent encounter');
insert into lesson (lesson_id, unit_id, name, type, video_url, flashcard_set_id, text, description) values (113,  13,      'Y-Solowarm',  3, 'http://dummyimage.com/186x100.png/cc0000/ffffff',   0,   'Idiopathic chronic gout, unspecified wrist, with tophus (tophi)', 'Loose body in knee, left knee');
insert into lesson (lesson_id, unit_id, name, type, video_url, flashcard_set_id, text, description) values (114,  14,      'Asoka',       1, 'http://dummyimage.com/139x100.png/dddddd/000000',   0,   'Hit by object from burning building or structure in uncontrolled fire', 'Fracture of unspecified metatarsal bone(s), unspecified foot, sequela');
insert into lesson (lesson_id, unit_id, name, type, video_url, flashcard_set_id, text, description) values (115,  15,      'Bitwolf',     3, 'http://dummyimage.com/119x100.png/ff4444/ffffff',   0,   'Traumatic rupture of right radiocarpal ligament, subsequent encounter', 'Sezary disease, lymph nodes of head, face, and neck');
insert into lesson (lesson_id, unit_id, name, type, video_url, flashcard_set_id, text, description) values (116,  16,      'Bytecard',    1, 'http://dummyimage.com/129x100.png/5fa2dd/ffffff',   0,   'Nondisplaced fracture of first metatarsal bone, unspecified foot, subsequent encounter for fracture with delayed healing', 'Puncture wound with foreign body of left little finger without damage to nail, subsequent encounter');
insert into lesson (lesson_id, unit_id, name, type, video_url, flashcard_set_id, text, description) values (117,  17,      'Alpha',       3, 'http://dummyimage.com/234x100.png/5fa2dd/ffffff',   0,   'Diagnostic and monitoring physical medicine devices associated with adverse incidents', 'Ulcerative colitis, unspecified with unspecified complications');
insert into lesson (lesson_id, unit_id, name, type, video_url, flashcard_set_id, text, description) values (118,  18,      'Stim',        2, 'http://dummyimage.com/157x100.png/cc0000/ffffff',   0,   'Nondisplaced intertrochanteric fracture of unspecified femur', 'Unspecified injury of muscle and tendon of back wall of thorax, sequela');
insert into lesson (lesson_id, unit_id, name, type, video_url, flashcard_set_id, text, description) values (119,  19,      'Home Ing',    2, 'http://dummyimage.com/217x100.png/cc0000/ffffff',   0,   'Sprain of unspecified sternoclavicular joint', 'Varicella pneumonia');
insert into lesson (lesson_id, unit_id, name, type, video_url, flashcard_set_id, text, description) values (120,  20,      'Latlux',      2, 'http://dummyimage.com/218x100.png/dddddd/000000',   0,   'Poisoning by unspecified primarily systemic and hematological agent, assault, subsequent encounter', 'Hematemesis');
insert into lesson (lesson_id, unit_id, name, type, video_url, flashcard_set_id, text, description) values (121,  1,       'Trippledex',  1, 'http://dummyimage.com/106x100.png/ff4444/ffffff',   0,   'Persistent migraine aura with cerebral infarction, not intractable, with status migrainosus', 'Military operations involving explosion of aerial bomb, military personnel, subsequent encounter');
insert into lesson (lesson_id, unit_id, name, type, video_url, flashcard_set_id, text, description) values (122,  2,       'Bytecard',    3, 'http://dummyimage.com/103x100.png/ff4444/ffffff',   0,   'Burn of third degree of multiple right fingers (nail), not including thumb', 'Unspecified fracture of unspecified metacarpal bone, initial encounter for closed fracture');
insert into lesson (lesson_id, unit_id, name, type, video_url, flashcard_set_id, text, description) values (123,  3,       'Y-find',      2, 'http://dummyimage.com/134x100.png/5fa2dd/ffffff',   0,   'Strain of muscle and tendon of unspecified wall of thorax', 'Displaced fracture of base of neck of unspecified femur, subsequent encounter for closed fracture with delayed healing');
insert into lesson (lesson_id, unit_id, name, type, video_url, flashcard_set_id, text, description) values (124,  4,       'Lotlux',      3, 'http://dummyimage.com/119x100.png/ff4444/ffffff',   0,   'Chondromalacia, joints of right hand', 'External constriction of right ear, sequela');
insert into lesson (lesson_id, unit_id, name, type, video_url, flashcard_set_id, text, description) values (125,  5,       'Treeflex',    3, 'http://dummyimage.com/212x100.png/dddddd/000000',   0,   'Salter-Harris Type I physeal fracture of upper end of tibia', 'Corrosion of unspecified degree of scapular region');
insert into lesson (lesson_id, unit_id, name, type, video_url, flashcard_set_id, text, description) values (126,  6,       'Zamit',       1, 'http://dummyimage.com/124x100.png/dddddd/000000',   0,   'Other injury of flexor muscle, fascia and tendon of left little finger at forearm level, subsequent encounter', 'Monoplegia of upper limb following unspecified cerebrovascular disease affecting unspecified side');
insert into lesson (lesson_id, unit_id, name, type, video_url, flashcard_set_id, text, description) values (127,  7,       'Fix San',     1, 'http://dummyimage.com/131x100.png/dddddd/000000',   0,   'Nondisplaced transverse fracture of shaft of left radius, subsequent encounter for open fracture type IIIA, IIIB, or IIIC with delayed healing', 'Corrosion of second degree of multiple sites of head, face, and neck');
insert into lesson (lesson_id, unit_id, name, type, video_url, flashcard_set_id, text, description) values (128,  8,       'Home Ing',    3, 'http://dummyimage.com/124x100.png/5fa2dd/ffffff',   0,   'Unspecified occupant of pick-up truck or van injured in noncollision transport accident in nontraffic accident', 'Toxic effect of venom of centipedes and venomous millipedes, assault, subsequent encounter');
insert into lesson (lesson_id, unit_id, name, type, video_url, flashcard_set_id, text, description) values (129,  9,       'Asoka',       1, 'http://dummyimage.com/107x100.png/ff4444/ffffff',   0,   'Toxic effect of unspecified pesticide, intentional self-harm', 'Displaced transverse fracture of unspecified patella, subsequent encounter for open fracture type I or II with malunion');
insert into lesson (lesson_id, unit_id, name, type, video_url, flashcard_set_id, text, description) values (130,  10,      'Andalax',     3, 'http://dummyimage.com/170x100.png/ff4444/ffffff',   0,   'Bitten by other rodent, sequela', 'Open bite of left middle finger with damage to nail, sequela');
insert into lesson (lesson_id, unit_id, name, type, video_url, flashcard_set_id, text, description) values (131,  11,      'Bitchip',     1, 'http://dummyimage.com/237x100.png/dddddd/000000',   0,   'Stenosis of unspecified lacrimal sac', 'Contusion of stomach, initial encounter');
insert into lesson (lesson_id, unit_id, name, type, video_url, flashcard_set_id, text, description) values (132,  12,      'Cardify',     3, 'http://dummyimage.com/208x100.png/cc0000/ffffff',   0,   'Nondisplaced fracture of greater trochanter of unspecified femur, subsequent encounter for closed fracture with malunion', 'Hb-SS disease with crisis, unspecified');
insert into lesson (lesson_id, unit_id, name, type, video_url, flashcard_set_id, text, description) values (133,  13,      'Stringtough', 1, 'http://dummyimage.com/217x100.png/ff4444/ffffff',   0,   'Poisoning by other anti-common-cold drugs, undetermined', 'Strain of flexor muscle, fascia and tendon of right little finger at wrist and hand level');
insert into lesson (lesson_id, unit_id, name, type, video_url, flashcard_set_id, text, description) values (134,  14,      'Zontrax',     1, 'http://dummyimage.com/178x100.png/5fa2dd/ffffff',   0,   'Bariatric surgery status complicating pregnancy, unspecified trimester', 'Benign neoplasm of cornea');
insert into lesson (lesson_id, unit_id, name, type, video_url, flashcard_set_id, text, description) values (135,  15,      'Wrapsafe',    1, 'http://dummyimage.com/112x100.png/cc0000/ffffff',   0,   'Drowning and submersion while in swimming pool, undetermined intent, initial encounter', 'Neoplasm of uncertain behavior of brain, unspecified');
insert into lesson (lesson_id, unit_id, name, type, video_url, flashcard_set_id, text, description) values (136,  16,      'Alpha',       2, 'http://dummyimage.com/140x100.png/dddddd/000000',   0,   'Secondary pigmentary degeneration', 'Struck by crocodile');
insert into lesson (lesson_id, unit_id, name, type, video_url, flashcard_set_id, text, description) values (137,  17,      'Keylex',      3, 'http://dummyimage.com/181x100.png/dddddd/000000',   0,   'Corrosion of second degree of right hand, unspecified site', 'Nondisplaced spiral fracture of shaft of left tibia, sequela');
insert into lesson (lesson_id, unit_id, name, type, video_url, flashcard_set_id, text, description) values (138,  18,      'Tresom',      3, 'http://dummyimage.com/216x100.png/ff4444/ffffff',   0,   'Unspecified occupant of heavy transport vehicle injured in collision with car, pick-up truck or van in nontraffic accident, sequela', 'Other mental disorders complicating pregnancy, third trimester');
insert into lesson (lesson_id, unit_id, name, type, video_url, flashcard_set_id, text, description) values (139,  19,      'Holdlamis',   1, 'http://dummyimage.com/175x100.png/cc0000/ffffff',   0,   'Unspecified injury of flexor muscle, fascia and tendon of right ring finger at wrist and hand level, subsequent encounter', 'Complete traumatic amputation at level between unspecified shoulder and elbow, initial encounter');
insert into lesson (lesson_id, unit_id, name, type, video_url, flashcard_set_id, text, description) values (140,  20,      'Job',         2, 'http://dummyimage.com/202x100.png/ff4444/ffffff',   0,   'Pathological fracture in neoplastic disease, left humerus, subsequent encounter for fracture with malunion', 'Ocular laceration without prolapse or loss of intraocular tissue, left eye, subsequent encounter');
insert into lesson (lesson_id, unit_id, name, type, video_url, flashcard_set_id, text, description) values (141,  1,       'Overhold',    3, 'http://dummyimage.com/152x100.png/5fa2dd/ffffff',   0,   'Other secondary chronic gout, left knee', 'Disseminated blastomycosis');
insert into lesson (lesson_id, unit_id, name, type, video_url, flashcard_set_id, text, description) values (142,  2,       'Sonsing',     2, 'http://dummyimage.com/180x100.png/cc0000/ffffff',   0,   'Passenger of snowmobile injured in nontraffic accident, subsequent encounter', 'Strain of intrinsic muscle, fascia and tendon of unspecified thumb at wrist and hand level, sequela');
insert into lesson (lesson_id, unit_id, name, type, video_url, flashcard_set_id, text, description) values (143,  3,       'Wrapsafe',    3, 'http://dummyimage.com/155x100.png/cc0000/ffffff',   0,   'Nondisplaced oblique fracture of shaft of unspecified fibula, sequela', 'Pedestrian on skateboard injured in collision with railway train or railway vehicle in traffic accident, sequela');
insert into lesson (lesson_id, unit_id, name, type, video_url, flashcard_set_id, text, description) values (144,  4,       'Latlux',      3, 'http://dummyimage.com/166x100.png/dddddd/000000',   0,   'Pedal cycle driver injured in collision with pedestrian or animal in nontraffic accident, subsequent encounter', 'Unspecified fracture of shaft of right femur, sequela');
insert into lesson (lesson_id, unit_id, name, type, video_url, flashcard_set_id, text, description) values (145,  5,       'Namfix',      1, 'http://dummyimage.com/249x100.png/ff4444/ffffff',   0,   'Activity, walking, marching and hiking', 'Toxic effect of rodenticides, undetermined, subsequent encounter');
insert into lesson (lesson_id, unit_id, name, type, video_url, flashcard_set_id, text, description) values (146,  6,       'Zoolab',      2, 'http://dummyimage.com/221x100.png/dddddd/000000',   0,   'Poisoning by lysergide [LSD], accidental (unintentional), subsequent encounter', 'Nondisplaced fracture of neck of scapula, unspecified shoulder, subsequent encounter for fracture with nonunion');
insert into lesson (lesson_id, unit_id, name, type, video_url, flashcard_set_id, text, description) values (147,  7,       'Holdlamis',   2, 'http://dummyimage.com/128x100.png/cc0000/ffffff',   0,   'Military operations involving chemical weapons and other forms of unconventional warfare, civilian', 'Poisoning by hydantoin derivatives, accidental (unintentional), sequela');
insert into lesson (lesson_id, unit_id, name, type, video_url, flashcard_set_id, text, description) values (148,  8,       'Bitwolf',     1, 'http://dummyimage.com/205x100.png/cc0000/ffffff',   0,   'Fracture of unspecified phalanx of other finger, subsequent encounter for fracture with routine healing', 'Age-related osteoporosis with current pathological fracture, unspecified ankle and foot, initial encounter for fracture');
insert into lesson (lesson_id, unit_id, name, type, video_url, flashcard_set_id, text, description) values (149,  9,       'Domainer',    2, 'http://dummyimage.com/102x100.png/5fa2dd/ffffff',   0,   'Cerebral infarction due to unspecified occlusion or stenosis of unspecified cerebellar artery', 'Corrosion of third degree of unspecified multiple fingers (nail), not including thumb, initial encounter');
insert into lesson (lesson_id, unit_id, name, type, video_url, flashcard_set_id, text, description) values (150,  10,      'Sonair',      2, 'http://dummyimage.com/177x100.png/dddddd/000000',   0,   'Osteonecrosis in diseases classified elsewhere, hand', 'Poisoning by iron and its compounds, accidental (unintentional), initial encounter');
insert into lesson (lesson_id, unit_id, name, type, video_url, flashcard_set_id, text, description) values (151,  11,      'Andalax',     2, 'http://dummyimage.com/156x100.png/cc0000/ffffff',   0,   'Salter-Harris Type II physeal fracture of lower end of right femur, subsequent encounter for fracture with delayed healing', 'Displaced comminuted fracture of shaft of radius, right arm, subsequent encounter for closed fracture with nonunion');
insert into lesson (lesson_id, unit_id, name, type, video_url, flashcard_set_id, text, description) values (152,  12,      'Latlux',      2, 'http://dummyimage.com/177x100.png/cc0000/ffffff',   0,   'Other fracture of left foot, initial encounter for open fracture', 'Pre-existing secondary hypertension complicating pregnancy, second trimester');
insert into lesson (lesson_id, unit_id, name, type, video_url, flashcard_set_id, text, description) values (153,  13,      'Zaam-Dox',    2, 'http://dummyimage.com/120x100.png/ff4444/ffffff',   0,   'Nondisplaced transverse fracture of shaft of unspecified radius, initial encounter for closed fracture', 'Osteolysis, unspecified forearm');
insert into lesson (lesson_id, unit_id, name, type, video_url, flashcard_set_id, text, description) values (154,  14,      'Tin',         2, 'http://dummyimage.com/206x100.png/cc0000/ffffff',   0,   'Blood alcohol level of 80-99 mg/100 ml', 'Psychotic disorder with delusions due to known physiological condition');
insert into lesson (lesson_id, unit_id, name, type, video_url, flashcard_set_id, text, description) values (155,  15,      'Greenlam',    2, 'http://dummyimage.com/185x100.png/ff4444/ffffff',   0,   'Breakdown (mechanical) of other specified internal prosthetic devices, implants and grafts', 'Miotic pupillary cyst, left eye');
insert into lesson (lesson_id, unit_id, name, type, video_url, flashcard_set_id, text, description) values (156,  16,      'Quo Lux',     2, 'http://dummyimage.com/243x100.png/dddddd/000000',   0,   'Other specified noninflammatory disorders of vulva and perineum', 'Sedative, hypnotic or anxiolytic use, unspecified with intoxication, unspecified');
insert into lesson (lesson_id, unit_id, name, type, video_url, flashcard_set_id, text, description) values (157,  17,      'Bigtax',      1, 'http://dummyimage.com/177x100.png/cc0000/ffffff',   0,   'Other superficial bite of hip, left hip', 'Adverse effect of other hormone antagonists, subsequent encounter');
insert into lesson (lesson_id, unit_id, name, type, video_url, flashcard_set_id, text, description) values (158,  18,      'Rank',        3, 'http://dummyimage.com/171x100.png/ff4444/ffffff',   0,   'Poisoning by mixed antiepileptics, undetermined, initial encounter', 'Cerebral infarction due to thrombosis of right posterior cerebral artery');
insert into lesson (lesson_id, unit_id, name, type, video_url, flashcard_set_id, text, description) values (159,  19,      'Biodex',      3, 'http://dummyimage.com/227x100.png/dddddd/000000',   0,   'Subacute osteomyelitis, radius and ulna', 'Keratoconjunctivitis due to Acanthamoeba');
insert into lesson (lesson_id, unit_id, name, type, video_url, flashcard_set_id, text, description) values (160,  20,      'Bigtax',      1, 'http://dummyimage.com/173x100.png/5fa2dd/ffffff',   0,   'Burn due to (nonpowered) inflatable craft on fire', 'Drug or chemical induced diabetes mellitus with proliferative diabetic retinopathy with combined traction retinal detachment and rhegmatogenous retinal detachment, right eye');
insert into lesson (lesson_id, unit_id, name, type, video_url, flashcard_set_id, text, description) values (161,  1,       'Daltfresh',   1, 'http://dummyimage.com/169x100.png/5fa2dd/ffffff',   0,   'Other superficial bite of right ear, sequela', 'Displaced comminuted fracture of shaft of left femur, subsequent encounter for closed fracture with routine healing');
insert into lesson (lesson_id, unit_id, name, type, video_url, flashcard_set_id, text, description) values (162,  2,       'Aerified',    3, 'http://dummyimage.com/178x100.png/dddddd/000000',   0,   'Injury of extensor muscle, fascia and tendon of other and unspecified finger at wrist and hand level', 'Cystic kidney disease, unspecified');
insert into lesson (lesson_id, unit_id, name, type, video_url, flashcard_set_id, text, description) values (163,  3,       'Solarbreeze', 3, 'http://dummyimage.com/142x100.png/cc0000/ffffff',   0,   'Recurrent dislocation, unspecified wrist', 'Steroid responder, bilateral');
insert into lesson (lesson_id, unit_id, name, type, video_url, flashcard_set_id, text, description) values (164,  4,       'Stringtough', 1, 'http://dummyimage.com/204x100.png/cc0000/ffffff',   0,   'Unspecified occupant of heavy transport vehicle injured in collision with car, pick-up truck or van in traffic accident, sequela', 'Displacement of implanted electronic neurostimulator of spinal cord electrode (lead), sequela');
insert into lesson (lesson_id, unit_id, name, type, video_url, flashcard_set_id, text, description) values (165,  5,       'Alphazap',    2, 'http://dummyimage.com/246x100.png/ff4444/ffffff',   0,   'Fracture of unspecified phalanx of left little finger, sequela', 'Drug-induced chronic gout, left elbow, without tophus (tophi)');
insert into lesson (lesson_id, unit_id, name, type, video_url, flashcard_set_id, text, description) values (166,  6,       'Flexidy',     3, 'http://dummyimage.com/218x100.png/cc0000/ffffff',   0,   'Familial chondrocalcinosis, ankle and foot', 'Puncture wound with foreign body of other part of head, initial encounter');
insert into lesson (lesson_id, unit_id, name, type, video_url, flashcard_set_id, text, description) values (167,  7,       'Domainer',    1, 'http://dummyimage.com/218x100.png/5fa2dd/ffffff',   0,   'Unspecified injury of left kidney, initial encounter', 'Poisoning by cardiac-stimulant glycosides and drugs of similar action, intentional self-harm, subsequent encounter');
insert into lesson (lesson_id, unit_id, name, type, video_url, flashcard_set_id, text, description) values (168,  8,       'Ventosanzap', 3, 'http://dummyimage.com/217x100.png/dddddd/000000',   0,   'Other calcification of muscle, right forearm', 'Unspecified blepharitis unspecified eye, unspecified eyelid');
insert into lesson (lesson_id, unit_id, name, type, video_url, flashcard_set_id, text, description) values (169,  9,       'Bytecard',    1, 'http://dummyimage.com/229x100.png/ff4444/ffffff',   0,   'Glaucomatous optic atrophy, bilateral', 'Adverse effect of antitussives');
insert into lesson (lesson_id, unit_id, name, type, video_url, flashcard_set_id, text, description) values (170,  10,      'Cookley',     3, 'http://dummyimage.com/219x100.png/ff4444/ffffff',   0,   'Other fracture of shaft of right humerus, sequela', 'Varicose veins of left lower extremity with both ulcer of heel and midfoot and inflammation');
insert into lesson (lesson_id, unit_id, name, type, video_url, flashcard_set_id, text, description) values (171,  11,      'Tempsoft',    3, 'http://dummyimage.com/230x100.png/cc0000/ffffff',   0,   'Unspecified fracture of upper end of humerus', 'Type 1 diabetes mellitus with skin complications');
insert into lesson (lesson_id, unit_id, name, type, video_url, flashcard_set_id, text, description) values (172,  12,      'Home Ing',    3, 'http://dummyimage.com/171x100.png/5fa2dd/ffffff',   0,   'Unspecified injury of lung, bilateral, sequela', 'Other specified sprain of right wrist, initial encounter');
insert into lesson (lesson_id, unit_id, name, type, video_url, flashcard_set_id, text, description) values (173,  13,      'Wrapsafe',    3, 'http://dummyimage.com/246x100.png/cc0000/ffffff',   0,   'Leakage of insulin pump, subsequent encounter', 'Nondisplaced fracture of fourth metatarsal bone, left foot, initial encounter for open fracture');
insert into lesson (lesson_id, unit_id, name, type, video_url, flashcard_set_id, text, description) values (174,  14,      'Job',         3, 'http://dummyimage.com/211x100.png/cc0000/ffffff',   0,   'Other calcification of muscle, right ankle and foot', 'Nondisplaced dome fracture of unspecified talus, subsequent encounter for fracture with delayed healing');
insert into lesson (lesson_id, unit_id, name, type, video_url, flashcard_set_id, text, description) values (175,  15,      'Bamity',      2, 'http://dummyimage.com/236x100.png/dddddd/000000',   0,   'Rheumatoid lung disease with rheumatoid arthritis of right shoulder', 'Fracture of unspecified phalanx of right middle finger, initial encounter for open fracture');
insert into lesson (lesson_id, unit_id, name, type, video_url, flashcard_set_id, text, description) values (176,  16,      'Keylex',      1, 'http://dummyimage.com/180x100.png/ff4444/ffffff',   0,   'Blister (nonthermal), unspecified ankle', 'Pressure ulcer of right hip');
insert into lesson (lesson_id, unit_id, name, type, video_url, flashcard_set_id, text, description) values (177,  17,      'Fix San',     3, 'http://dummyimage.com/188x100.png/dddddd/000000',   0,   'Underdosing of mineralocorticoids and their antagonists, initial encounter', 'Obesity complicating pregnancy, childbirth, and the puerperium');
insert into lesson (lesson_id, unit_id, name, type, video_url, flashcard_set_id, text, description) values (178,  18,      'Namfix',      3, 'http://dummyimage.com/130x100.png/cc0000/ffffff',   0,   'Partial traumatic amputation at left shoulder joint, initial encounter', 'Quadriplegia, C1-C4 incomplete');
insert into lesson (lesson_id, unit_id, name, type, video_url, flashcard_set_id, text, description) values (179,  19,      'Flexidy',     1, 'http://dummyimage.com/219x100.png/ff4444/ffffff',   0,   'Terrorism involving fires, conflagration and hot substances, public safety official injured, sequela', 'Gastrointestinal mucormycosis');
insert into lesson (lesson_id, unit_id, name, type, video_url, flashcard_set_id, text, description) values (180,  20,      'Pannier',     3, 'http://dummyimage.com/168x100.png/5fa2dd/ffffff',   0,   'Complete traumatic metacarpophalangeal amputation of right ring finger, sequela', 'Other specified injuries of thorax, sequela');
insert into lesson (lesson_id, unit_id, name, type, video_url, flashcard_set_id, text, description) values (181,  1,       'Viva',        1, 'http://dummyimage.com/157x100.png/ff4444/ffffff',   0,   'Pathological fracture in neoplastic disease, left hand, subsequent encounter for fracture with nonunion', 'Underdosing of other parasympatholytics [anticholinergics and antimuscarinics] and spasmolytics, sequela');
insert into lesson (lesson_id, unit_id, name, type, video_url, flashcard_set_id, text, description) values (182,  2,       'Cookley',     3, 'http://dummyimage.com/186x100.png/ff4444/ffffff',   0,   'Cellulitis of left lower limb', 'Struck by baseball bat, sequela');
insert into lesson (lesson_id, unit_id, name, type, video_url, flashcard_set_id, text, description) values (183,  3,       'Treeflex',    2, 'http://dummyimage.com/178x100.png/5fa2dd/ffffff',   0,   'Maternal care for known or suspected placental insufficiency, first trimester, fetus 5', 'Partial loss of teeth due to trauma, class I');
insert into lesson (lesson_id, unit_id, name, type, video_url, flashcard_set_id, text, description) values (184,  4,       'Quo Lux',     1, 'http://dummyimage.com/219x100.png/5fa2dd/ffffff',   0,   'Other injury of extensor or abductor muscles, fascia and tendons of left thumb at forearm level, initial encounter', 'Unspecified injury of extensor muscle, fascia and tendon of unspecified finger at wrist and hand level, sequela');
insert into lesson (lesson_id, unit_id, name, type, video_url, flashcard_set_id, text, description) values (185,  5,       'Treeflex',    3, 'http://dummyimage.com/127x100.png/dddddd/000000',   0,   'Assault by other hot objects, sequela', 'Infection specific to the perinatal period, unspecified');
insert into lesson (lesson_id, unit_id, name, type, video_url, flashcard_set_id, text, description) values (186,  6,       'Pannier',     1, 'http://dummyimage.com/175x100.png/5fa2dd/ffffff',   0,   'Displaced trimalleolar fracture of left lower leg, subsequent encounter for open fracture type IIIA, IIIB, or IIIC with delayed healing', 'Malignant neoplasm of undescended testis');
insert into lesson (lesson_id, unit_id, name, type, video_url, flashcard_set_id, text, description) values (187,  7,       'Rank',        2, 'http://dummyimage.com/188x100.png/5fa2dd/ffffff',   0,   'Displaced transverse fracture of shaft of unspecified femur, initial encounter for open fracture type IIIA, IIIB, or IIIC', 'Puncture wound without foreign body of unspecified wrist, initial encounter');
insert into lesson (lesson_id, unit_id, name, type, video_url, flashcard_set_id, text, description) values (188,  8,       'Alphazap',    1, 'http://dummyimage.com/198x100.png/5fa2dd/ffffff',   0,   'Rupture of synovium, left wrist', 'Burn of first degree of upper back, initial encounter');
insert into lesson (lesson_id, unit_id, name, type, video_url, flashcard_set_id, text, description) values (189,  9,       'Bitwolf',     1, 'http://dummyimage.com/102x100.png/cc0000/ffffff',   0,   'Presence of right artificial elbow joint', 'Unspecified dislocation of right shoulder joint');
insert into lesson (lesson_id, unit_id, name, type, video_url, flashcard_set_id, text, description) values (190,  10,      'Tampflex',    1, 'http://dummyimage.com/227x100.png/cc0000/ffffff',   0,   'Disorder of external ear, unspecified', 'Unspecified open wound of unspecified elbow, subsequent encounter');
insert into lesson (lesson_id, unit_id, name, type, video_url, flashcard_set_id, text, description) values (191,  11,      'Hatity',      2, 'http://dummyimage.com/114x100.png/cc0000/ffffff',   0,   'Other shellfish poisoning, accidental (unintentional), subsequent encounter', 'Cocaine abuse with cocaine-induced mood disorder');
insert into lesson (lesson_id, unit_id, name, type, video_url, flashcard_set_id, text, description) values (192,  12,      'Stringtough', 1, 'http://dummyimage.com/235x100.png/5fa2dd/ffffff',   0,   'Bipolar disorder, current episode depressed, moderate', 'Corrosion of unspecified degree of unspecified upper arm');
insert into lesson (lesson_id, unit_id, name, type, video_url, flashcard_set_id, text, description) values (193,  13,      'Bytecard',    2, 'http://dummyimage.com/151x100.png/ff4444/ffffff',   0,   'Dislocation of left acromioclavicular joint, greater than 200% displacement, sequela', 'Adverse effect of selective serotonin and norepinephrine reuptake inhibitors, sequela');
insert into lesson (lesson_id, unit_id, name, type, video_url, flashcard_set_id, text, description) values (194,  14,      'Temp',        1, 'http://dummyimage.com/164x100.png/cc0000/ffffff',   0,   'Poisoning by other anti-common-cold drugs, assault, initial encounter', 'Bitten by cat, sequela');
insert into lesson (lesson_id, unit_id, name, type, video_url, flashcard_set_id, text, description) values (195,  15,      'Home Ing',    2, 'http://dummyimage.com/124x100.png/ff4444/ffffff',   0,   'Other specified injuries left forearm, subsequent encounter', 'Unspecified fracture of shaft of left tibia, subsequent encounter for open fracture type IIIA, IIIB, or IIIC with delayed healing');
insert into lesson (lesson_id, unit_id, name, type, video_url, flashcard_set_id, text, description) values (196,  16,      'Hatity',      3, 'http://dummyimage.com/143x100.png/cc0000/ffffff',   0,   'Unspecified fracture of right acetabulum, initial encounter for open fracture', 'Stress fracture, left femur, subsequent encounter for fracture with delayed healing');
insert into lesson (lesson_id, unit_id, name, type, video_url, flashcard_set_id, text, description) values (197,  17,      'Ventosanzap', 3, 'http://dummyimage.com/110x100.png/dddddd/000000',   0,   'Diffuse follicle center lymphoma, spleen', 'Fear of flying');
insert into lesson (lesson_id, unit_id, name, type, video_url, flashcard_set_id, text, description) values (198,  18,      'Lotstring',   1, 'http://dummyimage.com/240x100.png/dddddd/000000',   0,   'Unspecified contusion of spleen, initial encounter', 'Lateral dislocation of unspecified ulnohumeral joint, sequela');
insert into lesson (lesson_id, unit_id, name, type, video_url, flashcard_set_id, text, description) values (199,  19,      'Biodex',      1, 'http://dummyimage.com/187x100.png/5fa2dd/ffffff',   0,   'Burn of unspecified degree of elbow', 'Burn with resulting rupture and destruction of left eyeball, sequela');
insert into lesson (lesson_id, unit_id, name, type, video_url, flashcard_set_id, text, description) values (200,  20,      'Hatity',      3, 'http://dummyimage.com/179x100.png/dddddd/000000',   0,   'Acquired absence of unspecified ankle', 'Toxic effect of dichloromethane, intentional self-harm, initial encounter');
insert into lesson (lesson_id, unit_id, name, type, video_url, flashcard_set_id, text, description) values (201,  1,      'Quo Lux',      3, 'http://dummyimage.com/222x100.png/cc0000/ffffff',   0,   'Medial subluxation of left ulnohumeral joint, sequela', 'Civilian injured by military aircraft, initial encounter');
insert into lesson (lesson_id, unit_id, name, type, video_url, flashcard_set_id, text, description) values (202,  2,      'Job',          2, 'http://dummyimage.com/131x100.png/ff4444/ffffff',   0,   'Nondisplaced articular fracture of head of left femur, subsequent encounter for open fracture type I or II with delayed healing', 'Displaced transverse fracture of shaft of left radius, subsequent encounter for open fracture type I or II with malunion');
insert into lesson (lesson_id, unit_id, name, type, video_url, flashcard_set_id, text, description) values (203,  3,      'Tin',          2, 'http://dummyimage.com/158x100.png/5fa2dd/ffffff',   0,   'Mycetoma, unspecified', 'Unspecified occupant of three-wheeled motor vehicle injured in collision with two- or three-wheeled motor vehicle in traffic accident');
insert into lesson (lesson_id, unit_id, name, type, video_url, flashcard_set_id, text, description) values (204,  4,      'Asoka',        3, 'http://dummyimage.com/111x100.png/5fa2dd/ffffff',   0,   'Torus fracture of upper end of right radius, subsequent encounter for fracture with nonunion', 'Other injury of extensor or abductor muscles, fascia and tendons of unspecified thumb at forearm level, initial encounter');
insert into lesson (lesson_id, unit_id, name, type, video_url, flashcard_set_id, text, description) values (205,  5,      'Regrant',      1, 'http://dummyimage.com/130x100.png/dddddd/000000',   0,   'Other disorders involving the immune mechanism, not elsewhere classified', 'Barton''s fracture of unspecified radius, sequela');
insert into lesson (lesson_id, unit_id, name, type, video_url, flashcard_set_id, text, description) values (206,  6,      'Aerified',     3, 'http://dummyimage.com/143x100.png/ff4444/ffffff',   0,   'Nondisplaced articular fracture of head of right femur, sequela', 'Unstable burst fracture of first cervical vertebra');
insert into lesson (lesson_id, unit_id, name, type, video_url, flashcard_set_id, text, description) values (207,  7,      'Stim',         2, 'http://dummyimage.com/133x100.png/cc0000/ffffff',   0,   'Displaced fracture (avulsion) of lateral epicondyle of right humerus, initial encounter for closed fracture', 'Displaced fracture of lower epiphysis (separation) of left femur, subsequent encounter for open fracture type I or II with malunion');
insert into lesson (lesson_id, unit_id, name, type, video_url, flashcard_set_id, text, description) values (208,  8,      'Biodex',       1, 'http://dummyimage.com/174x100.png/cc0000/ffffff',   0,   'Nondisplaced fracture of lesser trochanter of unspecified femur, subsequent encounter for open fracture type IIIA, IIIB, or IIIC with delayed healing', 'Traumatic rupture of left radial collateral ligament');
insert into lesson (lesson_id, unit_id, name, type, video_url, flashcard_set_id, text, description) values (209,  9,      'Fintone',      2, 'http://dummyimage.com/125x100.png/ff4444/ffffff',   0,   'Burn of second degree of unspecified axilla, sequela', 'Posterior dislocation of unspecified hip, initial encounter');
insert into lesson (lesson_id, unit_id, name, type, video_url, flashcard_set_id, text, description) values (210,  10,     'Stringtough',  1, 'http://dummyimage.com/198x100.png/5fa2dd/ffffff',   0,   'Corrosion of unspecified degree of single right finger (nail) except thumb, subsequent encounter', 'Other fracture of lower end of left ulna, subsequent encounter for closed fracture with nonunion');
insert into lesson (lesson_id, unit_id, name, type, video_url, flashcard_set_id, text, description) values (211,  11,     'Lotlux',       2, 'http://dummyimage.com/235x100.png/dddddd/000000',   0,   'Dislocation of metacarpophalangeal joint of right ring finger, subsequent encounter', 'Other mechanical complication of unspecified cardiac device, sequela');
insert into lesson (lesson_id, unit_id, name, type, video_url, flashcard_set_id, text, description) values (212,  12,     'Stronghold',   2, 'http://dummyimage.com/205x100.png/dddddd/000000',   0,   'Person boarding or alighting a car injured in collision with heavy transport vehicle or bus, subsequent encounter', 'Displaced fracture of right ulna styloid process, subsequent encounter for open fracture type IIIA, IIIB, or IIIC with routine healing');
insert into lesson (lesson_id, unit_id, name, type, video_url, flashcard_set_id, text, description) values (213,  13,     'Domainer',     2, 'http://dummyimage.com/231x100.png/cc0000/ffffff',   0,   'Unspecified superficial injury of lip, subsequent encounter', 'Abnormal findings on antenatal screening of mother');
insert into lesson (lesson_id, unit_id, name, type, video_url, flashcard_set_id, text, description) values (214,  14,     'Overhold',     1, 'http://dummyimage.com/209x100.png/5fa2dd/ffffff',   0,   'Bucket-handle tear of lateral meniscus, current injury, left knee', 'Nondisplaced Type II dens fracture, initial encounter for closed fracture');
insert into lesson (lesson_id, unit_id, name, type, video_url, flashcard_set_id, text, description) values (215,  15,     'Holdlamis',    3, 'http://dummyimage.com/111x100.png/dddddd/000000',   0,   'Other physeal fracture of lower end of right femur, subsequent encounter for fracture with nonunion', 'Terrorism, secondary effects');
insert into lesson (lesson_id, unit_id, name, type, video_url, flashcard_set_id, text, description) values (216,  16,     'Konklab',      3, 'http://dummyimage.com/187x100.png/cc0000/ffffff',   0,   'Juvenile osteochondrosis of metatarsus, right foot', 'Chronic gout due to renal impairment, left elbow');
insert into lesson (lesson_id, unit_id, name, type, video_url, flashcard_set_id, text, description) values (217,  17,     'Span',         2, 'http://dummyimage.com/137x100.png/cc0000/ffffff',   0,   'Unspecified fracture of right foot, initial encounter for closed fracture', 'Underdosing of other antiprotozoal drugs');
insert into lesson (lesson_id, unit_id, name, type, video_url, flashcard_set_id, text, description) values (218,  18,     'Y-find',       3, 'http://dummyimage.com/192x100.png/cc0000/ffffff',   0,   'Other injury of bladder, subsequent encounter', 'Other multiple births, all stillborn');
insert into lesson (lesson_id, unit_id, name, type, video_url, flashcard_set_id, text, description) values (219,  19,     'Greenlam',     3, 'http://dummyimage.com/197x100.png/ff4444/ffffff',   0,   'Poisoning by barbiturates, accidental (unintentional), sequela', 'Crushing injury of unspecified thumb, subsequent encounter');
insert into lesson (lesson_id, unit_id, name, type, video_url, flashcard_set_id, text, description) values (220,  20,     'Treeflex',     3, 'http://dummyimage.com/186x100.png/ff4444/ffffff',   0,   'Pedal cycle passenger injured in collision with unspecified motor vehicles in nontraffic accident, sequela', 'Pathological fracture, hip, unspecified, subsequent encounter for fracture with delayed healing');
insert into lesson (lesson_id, unit_id, name, type, video_url, flashcard_set_id, text, description) values (221,  1,      'Subin',        2, 'http://dummyimage.com/230x100.png/dddddd/000000',   0,   'Poisoning by anthelminthics, undetermined, sequela', 'Postdysenteric arthropathy, left knee');
insert into lesson (lesson_id, unit_id, name, type, video_url, flashcard_set_id, text, description) values (222,  2,      'Sub-Ex',       3, 'http://dummyimage.com/164x100.png/dddddd/000000',   0,   'Hit or struck by falling object due to accident to sailboat, sequela', 'Unspecified occupant of pick-up truck or van injured in collision with railway train or railway vehicle in traffic accident');
insert into lesson (lesson_id, unit_id, name, type, video_url, flashcard_set_id, text, description) values (223,  3,      'Hatity',       2, 'http://dummyimage.com/190x100.png/dddddd/000000',   0,   'Underdosing of keratolytics, keratoplastics, and other hair treatment drugs and preparations, subsequent encounter', 'Other atherosclerosis of native arteries of extremities, right leg');
insert into lesson (lesson_id, unit_id, name, type, video_url, flashcard_set_id, text, description) values (224,  4,      'Fix San',      2, 'http://dummyimage.com/156x100.png/ff4444/ffffff',   0,   'Bitten by cat, initial encounter', 'Fracture of one rib, left side, initial encounter for open fracture');
insert into lesson (lesson_id, unit_id, name, type, video_url, flashcard_set_id, text, description) values (225,  5,      'Duobam',       1, 'http://dummyimage.com/191x100.png/ff4444/ffffff',   0,   'Type 1 diabetes mellitus with proliferative diabetic retinopathy with traction retinal detachment not involving the macula, left eye', 'Diffuse traumatic brain injury with loss of consciousness of any duration with death due to brain injury prior to regaining consciousness, subsequent encounter');
insert into lesson (lesson_id, unit_id, name, type, video_url, flashcard_set_id, text, description) values (226,  6,      'Tampflex',     3, 'http://dummyimage.com/149x100.png/5fa2dd/ffffff',   0,   'Atrioventricular block, first degree', 'Localization-related (focal) (partial) symptomatic epilepsy and epileptic syndromes with complex partial seizures, not intractable, without status epilepticus');
insert into lesson (lesson_id, unit_id, name, type, video_url, flashcard_set_id, text, description) values (227,  7,      'Quo Lux',      1, 'http://dummyimage.com/160x100.png/cc0000/ffffff',   0,   'Stiffness of right elbow, not elsewhere classified', 'Other specified personal risk factors, not elsewhere classified');
insert into lesson (lesson_id, unit_id, name, type, video_url, flashcard_set_id, text, description) values (228,  8,      'Bitwolf',      2, 'http://dummyimage.com/144x100.png/cc0000/ffffff',   0,   'Intentional self-harm by smoke, fire and flames, subsequent encounter', 'Nondisplaced transverse fracture of shaft of right tibia, subsequent encounter for open fracture type IIIA, IIIB, or IIIC with malunion');
insert into lesson (lesson_id, unit_id, name, type, video_url, flashcard_set_id, text, description) values (229,  9,      'Stronghold',   2, 'http://dummyimage.com/242x100.png/ff4444/ffffff',   0,   'Laceration of unspecified muscle, fascia and tendon at shoulder and upper arm level, left arm, initial encounter', 'Poisoning by antihyperlipidemic and antiarteriosclerotic drugs, undetermined, subsequent encounter');
insert into lesson (lesson_id, unit_id, name, type, video_url, flashcard_set_id, text, description) values (230,  10,     'Stim',         1, 'http://dummyimage.com/117x100.png/5fa2dd/ffffff',   0,   'Pedestrian on skateboard injured in collision with pedal cycle, unspecified whether traffic or nontraffic accident, initial encounter', 'Motorcycle driver injured in collision with two- or three-wheeled motor vehicle in nontraffic accident, subsequent encounter');
insert into lesson (lesson_id, unit_id, name, type, video_url, flashcard_set_id, text, description) values (231,  11,     'Sonsing',      2, 'http://dummyimage.com/139x100.png/ff4444/ffffff',   0,   'Unspecified fracture of shaft of right radius, subsequent encounter for open fracture type I or II with delayed healing', 'Unspecified fracture of lower end of left ulna, initial encounter for open fracture type I or II');
insert into lesson (lesson_id, unit_id, name, type, video_url, flashcard_set_id, text, description) values (232,  12,     'Span',         2, 'http://dummyimage.com/241x100.png/cc0000/ffffff',   0,   'Other foreign object in bronchus', 'Unspecified injury of thoracic aorta');
insert into lesson (lesson_id, unit_id, name, type, video_url, flashcard_set_id, text, description) values (233,  13,     'Bamity',       1, 'http://dummyimage.com/225x100.png/cc0000/ffffff',   0,   'Displaced posterior arch fracture of first cervical vertebra, subsequent encounter for fracture with delayed healing', 'Mononeuropathy in diseases classified elsewhere');
insert into lesson (lesson_id, unit_id, name, type, video_url, flashcard_set_id, text, description) values (234,  14,     'Tin',          3, 'http://dummyimage.com/146x100.png/dddddd/000000',   0,   'Displaced comminuted fracture of shaft of unspecified tibia, subsequent encounter for closed fracture with delayed healing', 'Posterior dislocation of right acromioclavicular joint, subsequent encounter');
insert into lesson (lesson_id, unit_id, name, type, video_url, flashcard_set_id, text, description) values (235,  15,     'Wrapsafe',     2, 'http://dummyimage.com/155x100.png/dddddd/000000',   0,   'Displaced fracture of posterior process of left talus, initial encounter for open fracture', 'Retinopathy of prematurity, stage 4, unspecified eye');
insert into lesson (lesson_id, unit_id, name, type, video_url, flashcard_set_id, text, description) values (236,  16,     'Flowdesk',     3, 'http://dummyimage.com/240x100.png/dddddd/000000',   0,   'Puncture wound with foreign body of larynx', 'Sprain of interphalangeal joint of left ring finger, sequela');
insert into lesson (lesson_id, unit_id, name, type, video_url, flashcard_set_id, text, description) values (237,  17,     'Cookley',      3, 'http://dummyimage.com/122x100.png/ff4444/ffffff',   0,   'Chloasma of right upper eyelid and periocular area', 'Other specified fracture of left acetabulum, subsequent encounter for fracture with routine healing');
insert into lesson (lesson_id, unit_id, name, type, video_url, flashcard_set_id, text, description) values (238,  18,     'Namfix',       3, 'http://dummyimage.com/238x100.png/5fa2dd/ffffff',   0,   'Adverse effect of other bacterial vaccines, initial encounter', 'Salter-Harris Type I physeal fracture of upper end of radius, left arm, initial encounter for closed fracture');
insert into lesson (lesson_id, unit_id, name, type, video_url, flashcard_set_id, text, description) values (239,  19,     'Pannier',      3, 'http://dummyimage.com/230x100.png/5fa2dd/ffffff',   0,   'Sarcoidosis of other sites', 'Sexual abuse complicating pregnancy, childbirth and the puerperium');
insert into lesson (lesson_id, unit_id, name, type, video_url, flashcard_set_id, text, description) values (240,  20,     'Zathin',       1, 'http://dummyimage.com/187x100.png/cc0000/ffffff',   0,   'Foreign body in other and multiple parts of external eye, left eye, subsequent encounter', 'Other superficial bite of right shoulder, subsequent encounter');
insert into lesson (lesson_id, unit_id, name, type, video_url, flashcard_set_id, text, description) values (241,  1,      'Sonsing',      3, 'http://dummyimage.com/127x100.png/dddddd/000000',   0,   'Fall (on) (from) other stairs and steps, sequela', 'Skeletal fluorosis, upper arm');
insert into lesson (lesson_id, unit_id, name, type, video_url, flashcard_set_id, text, description) values (242,  2,      'Zontrax',      1, 'http://dummyimage.com/105x100.png/ff4444/ffffff',   0,   'Pedal cycle passenger injured in collision with pedestrian or animal in nontraffic accident, sequela', 'Toxic effect of tetrachloroethylene, accidental (unintentional), initial encounter');
insert into lesson (lesson_id, unit_id, name, type, video_url, flashcard_set_id, text, description) values (243,  3,      'Cardify',      1, 'http://dummyimage.com/122x100.png/5fa2dd/ffffff',   0,   'Explosion of bomb placed during war operations but exploding after cessation of hostilities, civilian', 'Open bite of right cheek and temporomandibular area, sequela');
insert into lesson (lesson_id, unit_id, name, type, video_url, flashcard_set_id, text, description) values (244,  4,      'Pannier',      2, 'http://dummyimage.com/160x100.png/cc0000/ffffff',   0,   'Cataract (lens) fragments in eye following cataract surgery', 'Unspecified fracture of navicular [scaphoid] bone of left wrist, subsequent encounter for fracture with routine healing');
insert into lesson (lesson_id, unit_id, name, type, video_url, flashcard_set_id, text, description) values (245,  5,      'Bigtax',       1, 'http://dummyimage.com/240x100.png/ff4444/ffffff',   0,   'Paraneoplastic pemphigus', 'Adolescent idiopathic scoliosis, thoracic region');
insert into lesson (lesson_id, unit_id, name, type, video_url, flashcard_set_id, text, description) values (246,  6,      'Y-Solowarm',   2, 'http://dummyimage.com/246x100.png/ff4444/ffffff',   0,   'Incomplete lesion of unspecified level of lumbar spinal cord', 'Sicca syndrome with other organ involvement');
insert into lesson (lesson_id, unit_id, name, type, video_url, flashcard_set_id, text, description) values (247,  7,      'Alphazap',     1, 'http://dummyimage.com/130x100.png/dddddd/000000',   0,   'Other specified injury of muscle, fascia and tendon of the posterior muscle group at thigh level, right thigh, subsequent encounter', 'Person boarding or alighting a motorcycle injured in collision with other nonmotor vehicle, subsequent encounter');
insert into lesson (lesson_id, unit_id, name, type, video_url, flashcard_set_id, text, description) values (248,  8,      'Greenlam',     2, 'http://dummyimage.com/156x100.png/cc0000/ffffff',   0,   'Nondisplaced fracture of triquetrum [cuneiform] bone, unspecified wrist, subsequent encounter for fracture with malunion', 'Other osteonecrosis, unspecified bone');
insert into lesson (lesson_id, unit_id, name, type, video_url, flashcard_set_id, text, description) values (249,  9,      'Ventosanzap',  3, 'http://dummyimage.com/195x100.png/cc0000/ffffff',   0,   'Displaced fracture of medial condyle of unspecified femur, subsequent encounter for closed fracture with routine healing', 'Nondisplaced fracture of third metatarsal bone, unspecified foot, sequela');
insert into lesson (lesson_id, unit_id, name, type, video_url, flashcard_set_id, text, description) values (250,  10,     'Biodex',       2, 'http://dummyimage.com/167x100.png/ff4444/ffffff',   0,   'Parachutist injured on landing', 'Nondisplaced transverse fracture of shaft of right tibia, subsequent encounter for open fracture type IIIA, IIIB, or IIIC with delayed healing');
insert into lesson (lesson_id, unit_id, name, type, video_url, flashcard_set_id, text, description) values (251,  11,     'Duobam',       2, 'http://dummyimage.com/111x100.png/dddddd/000000',   0,   'Displaced longitudinal fracture of right patella, initial encounter for closed fracture', 'Displaced fracture of middle third of navicular [scaphoid] bone of left wrist, subsequent encounter for fracture with routine healing');
insert into lesson (lesson_id, unit_id, name, type, video_url, flashcard_set_id, text, description) values (252,  12,     'Quo Lux',      3, 'http://dummyimage.com/126x100.png/cc0000/ffffff',   0,   'Contusion of unspecified part of pancreas, subsequent encounter', 'Burn of first degree of head, face, and neck, unspecified site, initial encounter');
insert into lesson (lesson_id, unit_id, name, type, video_url, flashcard_set_id, text, description) values (253,  13,     'Aerified',     2, 'http://dummyimage.com/215x100.png/5fa2dd/ffffff',   0,   'Underdosing of other psychodysleptics, sequela', 'Other complications specific to multiple gestation, second trimester, fetus 5');
insert into lesson (lesson_id, unit_id, name, type, video_url, flashcard_set_id, text, description) values (254,  14,     'Tres-Zap',     2, 'http://dummyimage.com/201x100.png/ff4444/ffffff',   0,   'Puckering of macula', 'Acculturation difficulty');
insert into lesson (lesson_id, unit_id, name, type, video_url, flashcard_set_id, text, description) values (255,  15,     'Andalax',      1, 'http://dummyimage.com/123x100.png/5fa2dd/ffffff',   0,   'Ocular laceration and rupture with prolapse or loss of intraocular tissue', 'Laceration of unspecified renal vein, sequela');
insert into lesson (lesson_id, unit_id, name, type, video_url, flashcard_set_id, text, description) values (256,  16,     'Greenlam',     2, 'http://dummyimage.com/146x100.png/5fa2dd/ffffff',   0,   'Other fracture of shaft of right tibia, subsequent encounter for open fracture type IIIA, IIIB, or IIIC with malunion', 'Corrosion of unspecified degree of multiple left fingers (nail), including thumb, subsequent encounter');
insert into lesson (lesson_id, unit_id, name, type, video_url, flashcard_set_id, text, description) values (257,  17,     'Zathin',       3, 'http://dummyimage.com/173x100.png/ff4444/ffffff',   0,   'Strain of flexor muscle, fascia and tendon of right ring finger at wrist and hand level', 'Diabetes mellitus due to underlying condition with diabetic cataract');
insert into lesson (lesson_id, unit_id, name, type, video_url, flashcard_set_id, text, description) values (258,  18,     'Stim',         3, 'http://dummyimage.com/134x100.png/cc0000/ffffff',   0,   'Supervision of other high risk pregnancies, first trimester', 'Other dislocation of right ulnohumeral joint, initial encounter');
insert into lesson (lesson_id, unit_id, name, type, video_url, flashcard_set_id, text, description) values (259,  19,     'Trippledex',   3, 'http://dummyimage.com/240x100.png/dddddd/000000',   0,   'Other osteoporosis with current pathological fracture, unspecified lower leg', 'Drug or chemical induced diabetes mellitus with proliferative diabetic retinopathy with traction retinal detachment involving the macula, unspecified eye');
insert into lesson (lesson_id, unit_id, name, type, video_url, flashcard_set_id, text, description) values (260,  20,     'Tin',          3, 'http://dummyimage.com/159x100.png/cc0000/ffffff',   0,   'Assault by blunt object', 'Pathological fracture in neoplastic disease, right foot');
insert into lesson (lesson_id, unit_id, name, type, video_url, flashcard_set_id, text, description) values (261,  1,      'Alphazap',     2, 'http://dummyimage.com/134x100.png/5fa2dd/ffffff',   0,   'Nondisplaced fracture of right tibial spine, subsequent encounter for open fracture type IIIA, IIIB, or IIIC with nonunion', 'Burn of second degree of unspecified forearm, subsequent encounter');
insert into lesson (lesson_id, unit_id, name, type, video_url, flashcard_set_id, text, description) values (262,  2,      'Ronstring',    2, 'http://dummyimage.com/187x100.png/ff4444/ffffff',   0,   'Salter-Harris Type II physeal fracture of upper end of humerus, left arm, sequela', 'Nondisplaced unspecified fracture of unspecified lesser toe(s), subsequent encounter for fracture with malunion');
insert into lesson (lesson_id, unit_id, name, type, video_url, flashcard_set_id, text, description) values (263,  3,      'Regrant',      1, 'http://dummyimage.com/116x100.png/5fa2dd/ffffff',   0,   'Pressure ulcer of left elbow, stage 2', 'Early syphilis');
insert into lesson (lesson_id, unit_id, name, type, video_url, flashcard_set_id, text, description) values (264,  4,      'Fixflex',      1, 'http://dummyimage.com/187x100.png/ff4444/ffffff',   0,   'Other contact with nonvenomous lizards, sequela', 'Car passenger injured in collision with two- or three-wheeled motor vehicle in traffic accident, initial encounter');
insert into lesson (lesson_id, unit_id, name, type, video_url, flashcard_set_id, text, description) values (265,  5,      'Namfix',       3, 'http://dummyimage.com/130x100.png/cc0000/ffffff',   0,   'Other injuries of lung, unspecified, sequela', 'Failed attempted termination of pregnancy with other and unspecified complications');
insert into lesson (lesson_id, unit_id, name, type, video_url, flashcard_set_id, text, description) values (266,  6,      'Solarbreeze',  2, 'http://dummyimage.com/229x100.png/cc0000/ffffff',   0,   'Struck by dolphin', 'Malignant neoplasm of lymphoid, hematopoietic and related tissue, unspecified');
insert into lesson (lesson_id, unit_id, name, type, video_url, flashcard_set_id, text, description) values (267,  7,      'Opela',        3, 'http://dummyimage.com/184x100.png/5fa2dd/ffffff',   0,   'Skeletal fluorosis, forearm', 'Bank as the place of occurrence of the external cause');
insert into lesson (lesson_id, unit_id, name, type, video_url, flashcard_set_id, text, description) values (268,  8,      'Aerified',     2, 'http://dummyimage.com/226x100.png/dddddd/000000',   0,   'Nondisplaced subtrochanteric fracture of unspecified femur, subsequent encounter for closed fracture with nonunion', 'Constant exophthalmos');
insert into lesson (lesson_id, unit_id, name, type, video_url, flashcard_set_id, text, description) values (269,  9,      'Zaam-Dox',     1, 'http://dummyimage.com/131x100.png/dddddd/000000',   0,   'Other injury of intrinsic muscle, fascia and tendon of left little finger at wrist and hand level, sequela', 'Other misshapen ear');
insert into lesson (lesson_id, unit_id, name, type, video_url, flashcard_set_id, text, description) values (270,  10,     'Bitchip',      1, 'http://dummyimage.com/218x100.png/5fa2dd/ffffff',   0,   'Nondisplaced fracture of distal phalanx of right index finger, subsequent encounter for fracture with delayed healing', 'Machinery accident on board fishing boat, initial encounter');
insert into lesson (lesson_id, unit_id, name, type, video_url, flashcard_set_id, text, description) values (271,  11,     'Greenlam',     2, 'http://dummyimage.com/188x100.png/cc0000/ffffff',   0,   'Corrosion of third degree of unspecified lower leg, subsequent encounter', 'Adverse effect of other antacids and anti-gastric-secretion drugs, sequela');
insert into lesson (lesson_id, unit_id, name, type, video_url, flashcard_set_id, text, description) values (272,  12,     'Viva',         2, 'http://dummyimage.com/146x100.png/dddddd/000000',   0,   'Rheumatoid arthritis of right wrist with involvement of other organs and systems', 'Laceration with foreign body of left little finger with damage to nail');
insert into lesson (lesson_id, unit_id, name, type, video_url, flashcard_set_id, text, description) values (273,  13,     'Zathin',       2, 'http://dummyimage.com/121x100.png/dddddd/000000',   0,   'Eyelid retraction right upper eyelid', 'Laceration with foreign body of left great toe with damage to nail, sequela');
insert into lesson (lesson_id, unit_id, name, type, video_url, flashcard_set_id, text, description) values (274,  14,     'It',           2, 'http://dummyimage.com/159x100.png/ff4444/ffffff',   0,   'Unspecified choroidal hemorrhage, left eye', 'Lymphoid leukemia, unspecified, in relapse');
insert into lesson (lesson_id, unit_id, name, type, video_url, flashcard_set_id, text, description) values (275,  15,     'Voyatouch',    2, 'http://dummyimage.com/113x100.png/ff4444/ffffff',   0,   'Prolonged exposure in deep freeze unit or refrigerator, subsequent encounter', 'Nondisplaced fracture of fourth metatarsal bone, unspecified foot, subsequent encounter for fracture with routine healing');
insert into lesson (lesson_id, unit_id, name, type, video_url, flashcard_set_id, text, description) values (276,  16,     'Tin',          1, 'http://dummyimage.com/126x100.png/5fa2dd/ffffff',   0,   'Maternal care for compound presentation, fetus 5', 'Laceration of axillary or brachial vein, right side, initial encounter');
insert into lesson (lesson_id, unit_id, name, type, video_url, flashcard_set_id, text, description) values (277,  17,     'Voltsillam',   1, 'http://dummyimage.com/224x100.png/dddddd/000000',   0,   'Unspecified inflammatory spondylopathy, occipito-atlanto-axial region', 'Burn of second degree of unspecified site of right lower limb, except ankle and foot, subsequent encounter');
insert into lesson (lesson_id, unit_id, name, type, video_url, flashcard_set_id, text, description) values (278,  18,     'Veribet',      2, 'http://dummyimage.com/171x100.png/dddddd/000000',   0,   'Supervision of high risk pregnancy due to social problems, first trimester', 'Nondisplaced fracture of neck of scapula, unspecified shoulder');
insert into lesson (lesson_id, unit_id, name, type, video_url, flashcard_set_id, text, description) values (279,  19,     'Ronstring',    2, 'http://dummyimage.com/110x100.png/5fa2dd/ffffff',   0,   'Drowning and submersion in natural water, undetermined intent', 'Paralytic calcification and ossification of muscle, right hand');
insert into lesson (lesson_id, unit_id, name, type, video_url, flashcard_set_id, text, description) values (280,  20,     'Opela',        1, 'http://dummyimage.com/209x100.png/ff4444/ffffff',   0,   'Spasm of accommodation, unspecified eye', 'Nondisplaced segmental fracture of shaft of unspecified fibula, sequela');
insert into lesson (lesson_id, unit_id, name, type, video_url, flashcard_set_id, text, description) values (281,  1,      'Daltfresh',    1, 'http://dummyimage.com/212x100.png/ff4444/ffffff',   0,   'Unstable burst fracture of second thoracic vertebra, initial encounter for open fracture', 'Puncture wound without foreign body of anus, sequela');
insert into lesson (lesson_id, unit_id, name, type, video_url, flashcard_set_id, text, description) values (282,  2,      'Redhold',      3, 'http://dummyimage.com/129x100.png/ff4444/ffffff',   0,   'Adverse effect of other opioids', 'Strain of flexor muscle, fascia and tendon of left ring finger at forearm level, initial encounter');
insert into lesson (lesson_id, unit_id, name, type, video_url, flashcard_set_id, text, description) values (283,  3,      'Viva',         2, 'http://dummyimage.com/171x100.png/cc0000/ffffff',   0,   'Absolute glaucoma', 'Puncture wound with foreign body of right wrist, subsequent encounter');
insert into lesson (lesson_id, unit_id, name, type, video_url, flashcard_set_id, text, description) values (284,  4,      'Redhold',      2, 'http://dummyimage.com/195x100.png/5fa2dd/ffffff',   0,   'Encounter for administrative examination', 'Fistula of joint');
insert into lesson (lesson_id, unit_id, name, type, video_url, flashcard_set_id, text, description) values (285,  5,      'Ronstring',    1, 'http://dummyimage.com/123x100.png/dddddd/000000',   0,   'Other foreign body or object entering through skin, initial encounter', 'Unspecified superficial injury of unspecified lower leg, initial encounter');
insert into lesson (lesson_id, unit_id, name, type, video_url, flashcard_set_id, text, description) values (286,  6,      'Zathin',       2, 'http://dummyimage.com/124x100.png/cc0000/ffffff',   0,   'Unspecified fracture of unspecified thoracic vertebra, initial encounter for open fracture', 'Displaced fracture of head of right radius, sequela');
insert into lesson (lesson_id, unit_id, name, type, video_url, flashcard_set_id, text, description) values (287,  7,      'Cookley',      2, 'http://dummyimage.com/246x100.png/5fa2dd/ffffff',   0,   'Other injury of muscle, fascia and tendon of triceps, right arm, subsequent encounter', 'Unstable burst fracture of third lumbar vertebra');
insert into lesson (lesson_id, unit_id, name, type, video_url, flashcard_set_id, text, description) values (288,  8,      'Job',          3, 'http://dummyimage.com/115x100.png/cc0000/ffffff',   0,   'Paraneoplastic pemphigus', 'Adverse effect of predominantly beta-adrenoreceptor agonists, initial encounter');
insert into lesson (lesson_id, unit_id, name, type, video_url, flashcard_set_id, text, description) values (289,  9,      'Sonair',       1, 'http://dummyimage.com/142x100.png/5fa2dd/ffffff',   0,   'Sprain of jaw, left side, initial encounter', 'Thoracic, thoracolumbar and lumbosacral intervertebral disc disorders with myelopathy');
insert into lesson (lesson_id, unit_id, name, type, video_url, flashcard_set_id, text, description) values (290,  10,     'Transcof',     1, 'http://dummyimage.com/183x100.png/cc0000/ffffff',   0,   'Displaced comminuted fracture of shaft of left tibia, subsequent encounter for open fracture type IIIA, IIIB, or IIIC with malunion', 'Fracture of unspecified part of right clavicle, subsequent encounter for fracture with delayed healing');
insert into lesson (lesson_id, unit_id, name, type, video_url, flashcard_set_id, text, description) values (291,  11,     'Sonair',       2, 'http://dummyimage.com/206x100.png/dddddd/000000',   0,   'Nondisplaced fracture of right ulna styloid process, subsequent encounter for closed fracture with malunion', 'Displaced fracture of pisiform, right wrist');
insert into lesson (lesson_id, unit_id, name, type, video_url, flashcard_set_id, text, description) values (292,  12,     'Overhold',     2, 'http://dummyimage.com/222x100.png/cc0000/ffffff',   0,   'Age-related osteoporosis with current pathological fracture, unspecified shoulder', 'Other fracture of head and neck of left femur, subsequent encounter for open fracture type I or II with delayed healing');
insert into lesson (lesson_id, unit_id, name, type, video_url, flashcard_set_id, text, description) values (293,  13,     'Cookley',      3, 'http://dummyimage.com/105x100.png/cc0000/ffffff',   0,   'Hemorrhagic choroidal detachment, left eye', 'Jumping or diving into natural body of water striking water surface causing other injury');
insert into lesson (lesson_id, unit_id, name, type, video_url, flashcard_set_id, text, description) values (294,  14,     'Rank',         2, 'http://dummyimage.com/142x100.png/cc0000/ffffff',   0,   'Stress fracture, unspecified humerus, subsequent encounter for fracture with malunion', 'Nondisplaced fracture of lateral condyle of right tibia, subsequent encounter for closed fracture with routine healing');
insert into lesson (lesson_id, unit_id, name, type, video_url, flashcard_set_id, text, description) values (295,  15,     'Andalax',      2, 'http://dummyimage.com/197x100.png/cc0000/ffffff',   0,   'Displaced transverse fracture of shaft of right femur, subsequent encounter for open fracture type IIIA, IIIB, or IIIC with routine healing', 'Sprain of interphalangeal joint of left index finger, initial encounter');
insert into lesson (lesson_id, unit_id, name, type, video_url, flashcard_set_id, text, description) values (296,  16,     'Vagram',       2, 'http://dummyimage.com/187x100.png/5fa2dd/ffffff',   0,   'Spontaneous rupture of flexor tendons, upper arm', 'Other specified disorders of Eustachian tube, right ear');
insert into lesson (lesson_id, unit_id, name, type, video_url, flashcard_set_id, text, description) values (297,  17,     'Domainer',     3, 'http://dummyimage.com/248x100.png/ff4444/ffffff',   0,   'Puncture wound without foreign body of hand', 'Injury of other nerves at forearm level, right arm');
insert into lesson (lesson_id, unit_id, name, type, video_url, flashcard_set_id, text, description) values (298,  18,     'Tin',          3, 'http://dummyimage.com/182x100.png/dddddd/000000',   0,   'Toxic effect of trichloroethylene, accidental (unintentional), initial encounter', 'Anterior subluxation of right ulnohumeral joint');
insert into lesson (lesson_id, unit_id, name, type, video_url, flashcard_set_id, text, description) values (299,  19,     'Subin',        2, 'http://dummyimage.com/185x100.png/cc0000/ffffff',   0,   'Displaced transverse fracture of right patella', 'Puncture wound with foreign body of left lesser toe(s) with damage to nail, initial encounter');
insert into lesson (lesson_id, unit_id, name, type, video_url, flashcard_set_id, text, description) values (300,  20,     'Flexidy',      1, 'http://dummyimage.com/104x100.png/ff4444/ffffff',   0,   'Other specified disorders of Eustachian tube', 'Lead-induced chronic gout, right shoulder, without tophus (tophi)');


-- INSERT DATA FOR TABLE JOIN_COURSE:
insert into join_course (student_id, course_id) values (2,  1);
insert into join_course (student_id, course_id) values (2,  2);
insert into join_course (student_id, course_id) values (2,  3);
insert into join_course (student_id, course_id) values (2,  4);
insert into join_course (student_id, course_id) values (2,  5);
insert into join_course (student_id, course_id) values (2,  6);
insert into join_course (student_id, course_id) values (2,  7);
insert into join_course (student_id, course_id) values (2,  8);
insert into join_course (student_id, course_id) values (2,  9);
insert into join_course (student_id, course_id) values (3,  10);
insert into join_course (student_id, course_id) values (3,  1);
insert into join_course (student_id, course_id) values (3,  3);
insert into join_course (student_id, course_id) values (3,  5);
insert into join_course (student_id, course_id) values (3,  7);
insert into join_course (student_id, course_id) values (3,  9);


-- INSERT DATA FOR TABLE JOIN_LESSON:
insert into join_lesson (student_id, lesson_id) values (2, 1);
insert into join_lesson (student_id, lesson_id) values (2, 21);
insert into join_lesson (student_id, lesson_id) values (2, 31);
insert into join_lesson (student_id, lesson_id) values (2, 41);
insert into join_lesson (student_id, lesson_id) values (2, 51);
insert into join_lesson (student_id, lesson_id) values (2, 61);
insert into join_lesson (student_id, lesson_id) values (2, 111);
insert into join_lesson (student_id, lesson_id) values (2, 171);
insert into join_lesson (student_id, lesson_id) values (2, 181);
insert into join_lesson (student_id, lesson_id) values (2, 191);
insert into join_lesson (student_id, lesson_id) values (2, 261);
insert into join_lesson (student_id, lesson_id) values (2, 271);
insert into join_lesson (student_id, lesson_id) values (2, 281);
insert into join_lesson (student_id, lesson_id) values (2, 291);
insert into join_lesson (student_id, lesson_id) values (3, 31);
insert into join_lesson (student_id, lesson_id) values (3, 41);
insert into join_lesson (student_id, lesson_id) values (3, 51);
insert into join_lesson (student_id, lesson_id) values (3, 61);
insert into join_lesson (student_id, lesson_id) values (3, 111);
insert into join_lesson (student_id, lesson_id) values (3, 171);
insert into join_lesson (student_id, lesson_id) values (3, 181);
insert into join_lesson (student_id, lesson_id) values (3, 191);
insert into join_lesson (student_id, lesson_id) values (3, 261);
insert into join_lesson (student_id, lesson_id) values (3, 271);


-- INSERT DATA FOR TABLE NOTE:
insert into note (student_id, lesson_id, note) values (20, 141, 'Nicotine dependence, chewing tobacco, with withdrawal');
insert into note (student_id, lesson_id, note) values (4, 7, 'Causalgia of unspecified lower limb');
insert into note (student_id, lesson_id, note) values (8, 103, 'Contusion and laceration of left cerebrum without loss of consciousness');
insert into note (student_id, lesson_id, note) values (17, 17, 'Other reduction defects of left lower limb');
insert into note (student_id, lesson_id, note) values (2, 245, 'Acute hematogenous osteomyelitis, right humerus');
insert into note (student_id, lesson_id, note) values (18, 286, 'Displaced transverse fracture of shaft of right tibia, subsequent encounter for open fracture type I or II with delayed healing');
insert into note (student_id, lesson_id, note) values (6, 150, 'Open bite of unspecified wrist, initial encounter');
insert into note (student_id, lesson_id, note) values (12, 103, 'Fracture of unspecified carpal bone, left wrist');
insert into note (student_id, lesson_id, note) values (1, 105, 'Strain of muscle, fascia and tendon of long head of biceps, left arm');
insert into note (student_id, lesson_id, note) values (14, 29, 'Major laceration of tail of pancreas, initial encounter');
insert into note (student_id, lesson_id, note) values (7, 197, 'Acute lymphadenitis');
insert into note (student_id, lesson_id, note) values (16, 69, 'Displaced fracture of greater trochanter of left femur, initial encounter for open fracture type IIIA, IIIB, or IIIC');
insert into note (student_id, lesson_id, note) values (8, 37, 'Unspecified occupant of three-wheeled motor vehicle injured in collision with railway train or railway vehicle in nontraffic accident, initial encounter');
insert into note (student_id, lesson_id, note) values (3, 83, 'Other physeal fracture of lower end of left tibia, subsequent encounter for fracture with malunion');
insert into note (student_id, lesson_id, note) values (13, 153, 'Insect bite of other specified part of neck');
insert into note (student_id, lesson_id, note) values (10, 90, 'Posterior dislocation of right radial head, initial encounter');
insert into note (student_id, lesson_id, note) values (20, 55, 'Corrosion of third degree of right shoulder, sequela');
insert into note (student_id, lesson_id, note) values (20, 1, 'Displaced fracture of posterior column [ilioischial] of left acetabulum');
insert into note (student_id, lesson_id, note) values (16, 80, 'Intraoperative hemorrhage and hematoma of an endocrine system organ or structure complicating other procedure');
insert into note (student_id, lesson_id, note) values (4, 12, 'Partial traumatic metacarpophalangeal amputation of right ring finger');
insert into note (student_id, lesson_id, note) values (19, 99, 'Nondisplaced spiral fracture of shaft of right tibia');
insert into note (student_id, lesson_id, note) values (5, 102, 'Left lower quadrant pain');
insert into note (student_id, lesson_id, note) values (13, 236, 'Other malformation of placenta, second trimester');
insert into note (student_id, lesson_id, note) values (9, 38, 'Nondisplaced osteochondral fracture of left patella, subsequent encounter for closed fracture with malunion');
insert into note (student_id, lesson_id, note) values (18, 266, 'Toxic effect of carbon monoxide from other source, accidental (unintentional), initial encounter');
insert into note (student_id, lesson_id, note) values (18, 155, 'Nondisplaced fracture of medial condyle of left femur, initial encounter for closed fracture');
insert into note (student_id, lesson_id, note) values (16, 195, 'Other specified malignant neoplasm of skin of left upper limb, including shoulder');
insert into note (student_id, lesson_id, note) values (17, 28, 'Acquired atrophy of ovary, unspecified side');
insert into note (student_id, lesson_id, note) values (1, 213, 'Other contact with other marine mammals, subsequent encounter');
insert into note (student_id, lesson_id, note) values (1, 8, 'Unspecified open wound of unspecified lesser toe(s) with damage to nail, subsequent encounter');
insert into note (student_id, lesson_id, note) values (4, 254, 'Toxic effect of nitroderivatives and aminoderivatives of benzene and its homologues, undetermined, subsequent encounter');
insert into note (student_id, lesson_id, note) values (17, 184, 'Infection and inflammatory reaction due to internal left knee prosthesis');
insert into note (student_id, lesson_id, note) values (18, 65, 'Pathological fracture in other disease, left hand, sequela');
insert into note (student_id, lesson_id, note) values (3, 75, 'Other rupture of muscle (nontraumatic), right ankle and foot');
insert into note (student_id, lesson_id, note) values (10, 238, 'Effusion, right wrist');
insert into note (student_id, lesson_id, note) values (17, 91, 'Dislocation of unspecified parts of unspecified shoulder girdle, subsequent encounter');
insert into note (student_id, lesson_id, note) values (18, 185, 'Drowning and submersion due to fall off sailboat');
insert into note (student_id, lesson_id, note) values (2, 225, 'Unspecified fracture of left forearm, subsequent encounter for open fracture type I or II with malunion');
insert into note (student_id, lesson_id, note) values (20, 48, 'Laceration of other flexor muscle, fascia and tendon at forearm level, unspecified arm, initial encounter');
insert into note (student_id, lesson_id, note) values (1, 127, 'Contusion of unspecified foot, initial encounter');
insert into note (student_id, lesson_id, note) values (5, 165, 'Paraneoplastic neuromyopathy and neuropathy');
insert into note (student_id, lesson_id, note) values (13, 70, 'Displaced oblique fracture of shaft of left radius, subsequent encounter for open fracture type IIIA, IIIB, or IIIC with routine healing');
insert into note (student_id, lesson_id, note) values (2, 296, 'Unspecified transplanted organ and tissue rejection');
insert into note (student_id, lesson_id, note) values (18, 128, 'Unspecified physeal fracture of phalanx of right toe, initial encounter for closed fracture');
insert into note (student_id, lesson_id, note) values (11, 54, 'Retinopathy of prematurity, stage 0, left eye');
insert into note (student_id, lesson_id, note) values (6, 292, 'Dislocation of interphalangeal joint of right lesser toe(s), initial encounter');
insert into note (student_id, lesson_id, note) values (16, 151, 'Injury of trigeminal nerve, left side');
insert into note (student_id, lesson_id, note) values (7, 126, 'Unspecified injury of left internal jugular vein, subsequent encounter');
insert into note (student_id, lesson_id, note) values (18, 206, 'Salmonella pneumonia');
insert into note (student_id, lesson_id, note) values (15, 131, 'Corrosion of third degree of multiple sites of lower limb, except ankle and foot');


-- INSERT DATA FOR TABLE RATING:
insert into rating (student_id, course_id, rate) values (1,    1,   3);
insert into rating (student_id, course_id, rate) values (1,    2,   5);
insert into rating (student_id, course_id, rate) values (1,    3,   4);
insert into rating (student_id, course_id, rate) values (1,    4,   3);
insert into rating (student_id, course_id, rate) values (1,    5,   4);
insert into rating (student_id, course_id, rate) values (1,    6,   1);
insert into rating (student_id, course_id, rate) values (1,    7,   4);
insert into rating (student_id, course_id, rate) values (1,    8,   5);
insert into rating (student_id, course_id, rate) values (1,    9,   4);
insert into rating (student_id, course_id, rate) values (1,    10,  2);
insert into rating (student_id, course_id, rate) values (2,    1,   3);
insert into rating (student_id, course_id, rate) values (2,    2,   3);
insert into rating (student_id, course_id, rate) values (2,    3,   2);
insert into rating (student_id, course_id, rate) values (2,    4,   1);
insert into rating (student_id, course_id, rate) values (2,    5,   4);
insert into rating (student_id, course_id, rate) values (2,    6,   4);
insert into rating (student_id, course_id, rate) values (2,    7,   3);
insert into rating (student_id, course_id, rate) values (2,    8,   1);
insert into rating (student_id, course_id, rate) values (2,    9,   1);
insert into rating (student_id, course_id, rate) values (3,    1,   3);
insert into rating (student_id, course_id, rate) values (3,    2,   1);
insert into rating (student_id, course_id, rate) values (3,    3,   5);
insert into rating (student_id, course_id, rate) values (3,    4,   2);
insert into rating (student_id, course_id, rate) values (3,    5,   4);
insert into rating (student_id, course_id, rate) values (3,    6,   1);
insert into rating (student_id, course_id, rate) values (3,    7,   3);
insert into rating (student_id, course_id, rate) values (3,    8,   4);
insert into rating (student_id, course_id, rate) values (3,    9,   4);
insert into rating (student_id, course_id, rate) values (4,    1,   3);
insert into rating (student_id, course_id, rate) values (4,    2,   5);
insert into rating (student_id, course_id, rate) values (4,    3,   2);
insert into rating (student_id, course_id, rate) values (4,    4,   3);
insert into rating (student_id, course_id, rate) values (4,    5,   2);
insert into rating (student_id, course_id, rate) values (4,    6,   3);
insert into rating (student_id, course_id, rate) values (4,    7,   3);
insert into rating (student_id, course_id, rate) values (4,    8,   3);
insert into rating (student_id, course_id, rate) values (4,    9,   2);
insert into rating (student_id, course_id, rate) values (5,    1,   5);
insert into rating (student_id, course_id, rate) values (5,    2,   4);
insert into rating (student_id, course_id, rate) values (5,    3,   4);
insert into rating (student_id, course_id, rate) values (5,    4,   2);
insert into rating (student_id, course_id, rate) values (6,    5,   2);
insert into rating (student_id, course_id, rate) values (6,    6,   1);
insert into rating (student_id, course_id, rate) values (6,    7,   4);
insert into rating (student_id, course_id, rate) values (6,    8,   4);
insert into rating (student_id, course_id, rate) values (6,    9,   3);
insert into rating (student_id, course_id, rate) values (6,    4,   2);
insert into rating (student_id, course_id, rate) values (6,    3,   2);
insert into rating (student_id, course_id, rate) values (6,    2,   2);
insert into rating (student_id, course_id, rate) values (6,    1,   1);


-- INSERT DATA FOR TABLE COMMENT:
-- insert into comment (student_id, course_id, content, total_like, respond_id) values (1, 1, 'Topicware', 0, null);
-- insert into comment (student_id, course_id, content, total_like, respond_id) values (2, 1, 'Photobean', 0, null);
-- insert into comment (student_id, course_id, content, total_like, respond_id) values (3, 1, 'Zoonder', 0, null);
-- insert into comment (student_id, course_id, content, total_like, respond_id) values (4, 1, 'Zoonoodle', 0, null);
-- insert into comment (student_id, course_id, content, total_like, respond_id) values (5, 1, 'Dabfeed', 0, null);
-- insert into comment (student_id, course_id, content, total_like, respond_id) values (6, 1, 'Dynabox', 0, null);
-- insert into comment (student_id, course_id, content, total_like, respond_id) values (7, 1, 'Gevee', 0, null);
-- insert into comment (student_id, course_id, content, total_like, respond_id) values (8, 1, 'Wikivu', 0, null);
-- insert into comment (student_id, course_id, content, total_like, respond_id) values (9, 1, 'Blognation', 0, null);
-- insert into comment (student_id, course_id, content, total_like, respond_id) values (10, 1, 'Mynte', 0, null);
-- insert into comment (student_id, course_id, content, total_like, respond_id) values (11, 1, 'Muxo', 0, null);
-- insert into comment (student_id, course_id, content, total_like, respond_id) values (12, 1, 'Tekfly', 0, null);
-- insert into comment (student_id, course_id, content, total_like, respond_id) values (13, 1, 'Skyndu', 0, null);
-- insert into comment (student_id, course_id, content, total_like, respond_id) values (14, 1, 'Eire', 0, null);
-- insert into comment (student_id, course_id, content, total_like, respond_id) values (15, 1, 'Oloo', 0, null);
-- insert into comment (student_id, course_id, content, total_like, respond_id) values (16, 1, 'Kare', 0, null);
-- insert into comment (student_id, course_id, content, total_like, respond_id) values (17, 1, 'Flashpoint', 0, null);
-- insert into comment (student_id, course_id, content, total_like, respond_id) values (18, 1, 'Gabvine', 0, null);
-- insert into comment (student_id, course_id, content, total_like, respond_id) values (19, 1, 'Buzzshare', 0, null);
-- insert into comment (student_id, course_id, content, total_like, respond_id) values (20, 1, 'Twiyo', 0, null);
-- insert into comment (student_id, course_id, content, total_like, respond_id) values (1, 1, '2 Goodland Hill', 0, 1);
-- insert into comment (student_id, course_id, content, total_like, respond_id) values (2, 1, '58837 Bonner Place', 0, 1);
-- insert into comment (student_id, course_id, content, total_like, respond_id) values (3, 1, '22882 Orin Point', 0, 1);
-- insert into comment (student_id, course_id, content, total_like, respond_id) values (4, 1, '2 Goodland Hill', 0, 2);
-- insert into comment (student_id, course_id, content, total_like, respond_id) values (5, 1, '58837 Bonner Place', 0, 2);
-- insert into comment (student_id, course_id, content, total_like, respond_id) values (6, 1, '22882 Orin Point', 0, 2);
-- insert into comment (student_id, course_id, content, total_like, respond_id) values (7, 1, '22882 Orin Point', 0, 2);



-- INSERT DATA FOR TABLE ROLE:
insert into roles (role_id, role_name) values ( 1, 'Admin');
insert into roles (role_id, role_name) values ( 2, 'Teaching Staff');
insert into roles (role_id, role_name) values ( 3, 'Teacher');
insert into roles (role_id, role_name) values ( 4, 'Student');


-- INSERT DATA FOR TABLE USER_TO_ROLE:
insert into user_to_role (user_id, role_id) values (1, 1);
insert into user_to_role (user_id, role_id) values (2, 4);
insert into user_to_role (user_id, role_id) values (3, 4);
insert into user_to_role (user_id, role_id) values (4, 4);
insert into user_to_role (user_id, role_id) values (5, 4);
insert into user_to_role (user_id, role_id) values (6, 4);
insert into user_to_role (user_id, role_id) values (7, 4);
insert into user_to_role (user_id, role_id) values (8, 4);
insert into user_to_role (user_id, role_id) values (9, 4);
insert into user_to_role (user_id, role_id) values (10,4);
insert into user_to_role (user_id, role_id) values (11,4);
insert into user_to_role (user_id, role_id) values (12,4);
insert into user_to_role (user_id, role_id) values (13,4);
insert into user_to_role (user_id, role_id) values (14,4);
insert into user_to_role (user_id, role_id) values (15,4);
insert into user_to_role (user_id, role_id) values (16,4);
insert into user_to_role (user_id, role_id) values (17,4);
insert into user_to_role (user_id, role_id) values (18,4);
insert into user_to_role (user_id, role_id) values (19,4);
insert into user_to_role (user_id, role_id) values (20,4);


-- INSERT DATA FOR TABLE SLIDE:
insert into slide (sequence, lesson_id, text) values (1,    5,    'Poisoning by anticoagulants, assault, initial encounter');
insert into slide (sequence, lesson_id, text) values (2,    5,    'Poisoning by antipruritics, undetermined, initial encounter');
insert into slide (sequence, lesson_id, text) values (3,    5,    'Congenital malformation of musculoskeletal system, unspecified');
insert into slide (sequence, lesson_id, text) values (4,    5,    'Retained (old) magnetic foreign body in vitreous body, unspecified eye');
insert into slide (sequence, lesson_id, text) values (5,    5,    'Superficial frostbite of unspecified ear, subsequent encounter');
insert into slide (sequence, lesson_id, text) values (6,    5,    'Displaced fracture of distal phalanx of left lesser toe(s), subsequent encounter for fracture with routine healing');
insert into slide (sequence, lesson_id, text) values (7,    5,    'Osteomyelitis of right orbit');
insert into slide (sequence, lesson_id, text) values (8,    5,    'Poisoning by anthelminthics, undetermined, subsequent encounter');
insert into slide (sequence, lesson_id, text) values (9,    5,    'Presence of fully implantable artificial heart');
insert into slide (sequence, lesson_id, text) values (10,   5,    'Unspecified open wound of unspecified great toe with damage to nail, sequela');
insert into slide (sequence, lesson_id, text) values (1,    6,    'Corrosion of unspecified degree of right axilla, initial encounter');
insert into slide (sequence, lesson_id, text) values (2,    6,    'Puncture wound of lip and oral cavity with foreign body');
insert into slide (sequence, lesson_id, text) values (3,    6,    'Burn of first degree of single right finger (nail) except thumb, initial encounter');
insert into slide (sequence, lesson_id, text) values (4,    6,    'Asphyxiation due to smothering in furniture, accidental, subsequent encounter');
insert into slide (sequence, lesson_id, text) values (5,    6,    'Contusion and laceration of left cerebrum with loss of consciousness greater than 24 hours with return to pre-existing conscious level, initial encounter');
insert into slide (sequence, lesson_id, text) values (6,    6,    'Torus fracture of upper end of unspecified tibia, subsequent encounter for fracture with routine healing');
insert into slide (sequence, lesson_id, text) values (7,    6,    'Other juvenile arthritis, right ankle and foot');
insert into slide (sequence, lesson_id, text) values (8,    6,    'Displaced fracture of lunate [semilunar], left wrist, subsequent encounter for fracture with nonunion');
insert into slide (sequence, lesson_id, text) values (9,    6,    'Superficial foreign body, unspecified ankle, subsequent encounter');
insert into slide (sequence, lesson_id, text) values (10,   6,    'Pedestrian on foot injured in collision with roller-skater, subsequent encounter');
insert into slide (sequence, lesson_id, text) values (1,    8,    'Contusion of right eyelid and periocular area');
insert into slide (sequence, lesson_id, text) values (2,    8,    'Other specified fracture of unspecified pubis, subsequent encounter for fracture with delayed healing');
insert into slide (sequence, lesson_id, text) values (3,    8,    'Cerebral infarction due to unspecified occlusion or stenosis of unspecified cerebellar artery');
insert into slide (sequence, lesson_id, text) values (4,    8,    'Venous complication in pregnancy, unspecified, first trimester');
insert into slide (sequence, lesson_id, text) values (5,    8,    'Third [oculomotor] nerve palsy');
insert into slide (sequence, lesson_id, text) values (6,    8,    'Epidural hemorrhage with loss of consciousness of any duration with death due to other causes prior to regaining consciousness');
insert into slide (sequence, lesson_id, text) values (7,    8,    'Minor laceration of femoral artery, right leg, subsequent encounter');
insert into slide (sequence, lesson_id, text) values (8,    8,    'Generalized contraction of visual field, right eye');
insert into slide (sequence, lesson_id, text) values (9,    8,    'Dislocation of other internal joint prosthesis, sequela');
insert into slide (sequence, lesson_id, text) values (10,   8,    'Salter-Harris Type IV physeal fracture of upper end of radius, left arm, subsequent encounter for fracture with delayed healing');
insert into slide (sequence, lesson_id, text) values (1,    10,   'Unstable burst fracture of second lumbar vertebra, sequela');
insert into slide (sequence, lesson_id, text) values (2,    10,   'Diseases of the digestive system complicating pregnancy, unspecified trimester');
insert into slide (sequence, lesson_id, text) values (3,    10,   'Underdosing of other drug primarily affecting the autonomic nervous system, subsequent encounter');
insert into slide (sequence, lesson_id, text) values (4,    10,   'Anterior cerebral artery syndrome');
insert into slide (sequence, lesson_id, text) values (5,    10,   'Toxic effect of contact with venomous toad, undetermined, sequela');
insert into slide (sequence, lesson_id, text) values (6,    10,   'Chronic atticoantral suppurative otitis media, left ear');
insert into slide (sequence, lesson_id, text) values (7,    10,   'Other mastoiditis and related conditions, left ear');
insert into slide (sequence, lesson_id, text) values (8,    10,   'Tidal wave due to earthquake or volcanic eruption, subsequent encounter');
insert into slide (sequence, lesson_id, text) values (9,    10,   'Poisoning by histamine H2-receptor blockers, accidental (unintentional), sequela');
insert into slide (sequence, lesson_id, text) values (10,   10,   'Unspecified fracture of lower end of unspecified femur, subsequent encounter for open fracture type IIIA, IIIB, or IIIC with delayed healing');
insert into slide (sequence, lesson_id, text) values (1,    14,   'Laceration of popliteal artery');
insert into slide (sequence, lesson_id, text) values (2,    14,   'Person on outside of car injured in collision with sport utility vehicle in nontraffic accident');
insert into slide (sequence, lesson_id, text) values (3,    14,   'Newborn affected by abnormality in fetal (intrauterine) heart rate or rhythm, unspecified as to time of onset');
insert into slide (sequence, lesson_id, text) values (4,    14,   'Drowning and submersion due to watercraft overturning');
insert into slide (sequence, lesson_id, text) values (5,    14,   'Accident to, on or involving ice yacht, subsequent encounter');
insert into slide (sequence, lesson_id, text) values (6,    14,   'Major osseous defect, unspecified lower leg');
insert into slide (sequence, lesson_id, text) values (7,    14,   'Laceration of blood vessel of right index finger, initial encounter');
insert into slide (sequence, lesson_id, text) values (8,    14,   'Unspecified motorcycle rider injured in collision with other motor vehicles in traffic accident, sequela');
insert into slide (sequence, lesson_id, text) values (9,    14,   'Poisoning by sulfonamides, accidental (unintentional), subsequent encounter');
insert into slide (sequence, lesson_id, text) values (10,   14,   'Stress fracture, right ankle, initial encounter for fracture');
insert into slide (sequence, lesson_id, text) values (1,    16,   'Other fracture of upper end of right radius, subsequent encounter for open fracture type IIIA, IIIB, or IIIC with routine healing');
insert into slide (sequence, lesson_id, text) values (2,    16,   'Pre-eclampsia');
insert into slide (sequence, lesson_id, text) values (3,    16,   'Accidental puncture and laceration of left eye and adnexa during an ophthalmic procedure');
insert into slide (sequence, lesson_id, text) values (4,    16,   'Encounter for fitting and adjustment of other specified devices');
insert into slide (sequence, lesson_id, text) values (5,    16,   'Coma scale, eyes open, to sound, 24 hours or more after hospital admission');
insert into slide (sequence, lesson_id, text) values (6,    16,   'Calculus of lower urinary tract');
insert into slide (sequence, lesson_id, text) values (7,    16,   'Anomalies of pupillary function');
insert into slide (sequence, lesson_id, text) values (8,    16,   'Pilonidal sinus with abscess');
insert into slide (sequence, lesson_id, text) values (9,    16,   'Maternal care for (suspected) fetal abnormality and damage, unspecified, fetus 1');
insert into slide (sequence, lesson_id, text) values (10,   16,   'Other fracture of head and neck of right femur, subsequent encounter for open fracture type I or II with delayed healing');
insert into slide (sequence, lesson_id, text) values (1,    21,   'Displaced associated transverse-posterior fracture of left acetabulum');
insert into slide (sequence, lesson_id, text) values (2,    21,   'Drug-induced chronic gout, unspecified knee, with tophus (tophi)');
insert into slide (sequence, lesson_id, text) values (3,    21,   'Arthropathies in other diseases classified elsewhere');
insert into slide (sequence, lesson_id, text) values (4,    21,   'Subluxation of interphalangeal joint of unspecified lesser toe(s), initial encounter');
insert into slide (sequence, lesson_id, text) values (5,    21,   'Unspecified nondisplaced fracture of sixth cervical vertebra, initial encounter for closed fracture');
insert into slide (sequence, lesson_id, text) values (6,    21,   'Exposure to tanning bed');
insert into slide (sequence, lesson_id, text) values (7,    21,   'Underdosing of ophthalmological drugs and preparations');
insert into slide (sequence, lesson_id, text) values (8,    21,   'Displaced apophyseal fracture of left femur, initial encounter for closed fracture');
insert into slide (sequence, lesson_id, text) values (9,    21,   'Toxic effect of metals');
insert into slide (sequence, lesson_id, text) values (10,   21,   'Other mechanical complication of carotid arterial graft (bypass)');
insert into slide (sequence, lesson_id, text) values (1,    22,   'Poisoning by unspecified drugs, medicaments and biological substances, assault, initial encounter');
insert into slide (sequence, lesson_id, text) values (2,    22,   'Nondisplaced intertrochanteric fracture of left femur, subsequent encounter for open fracture type IIIA, IIIB, or IIIC with routine healing');
insert into slide (sequence, lesson_id, text) values (3,    22,   'Unspecified motorcycle rider injured in collision with other motor vehicles in traffic accident');
insert into slide (sequence, lesson_id, text) values (4,    22,   'Carcinoma in situ of rectosigmoid junction');
insert into slide (sequence, lesson_id, text) values (5,    22,   'Iridoschisis, unspecified eye');
insert into slide (sequence, lesson_id, text) values (6,    22,   'Nondisplaced fracture of coronoid process of right ulna, subsequent encounter for closed fracture with delayed healing');
insert into slide (sequence, lesson_id, text) values (7,    22,   'Other mechanical complication of prosthetic orbit of right eye, subsequent encounter');
insert into slide (sequence, lesson_id, text) values (8,    22,   'Nondisplaced oblique fracture of shaft of right fibula, subsequent encounter for open fracture type IIIA, IIIB, or IIIC with nonunion');
insert into slide (sequence, lesson_id, text) values (9,    22,   'Mild laceration of heart with hemopericardium, initial encounter');
insert into slide (sequence, lesson_id, text) values (10,   22,   'Pathological fracture, left fibula, subsequent encounter for fracture with malunion');
insert into slide (sequence, lesson_id, text) values (1,    23,   'Other contact with pig, initial encounter');
insert into slide (sequence, lesson_id, text) values (2,    23,   'Injury of pleura');
insert into slide (sequence, lesson_id, text) values (3,    23,   'Continuing pregnancy after intrauterine death of one fetus or more, first trimester, fetus 4');
insert into slide (sequence, lesson_id, text) values (4,    23,   'Subluxation of metacarpal (bone), proximal end of unspecified hand, initial encounter');
insert into slide (sequence, lesson_id, text) values (5,    23,   'Cervicalgia');
insert into slide (sequence, lesson_id, text) values (6,    23,   'Nondisplaced osteochondral fracture of right patella, subsequent encounter for closed fracture with routine healing');
insert into slide (sequence, lesson_id, text) values (7,    23,   'Other injury of rectum, subsequent encounter');
insert into slide (sequence, lesson_id, text) values (8,    23,   'Displaced fracture of greater trochanter of right femur, initial encounter for closed fracture');
insert into slide (sequence, lesson_id, text) values (9,    23,   'Injury of optic nerve, left eye, sequela');
insert into slide (sequence, lesson_id, text) values (10,   23,   'Other specified disorders of synovium and tendon, unspecified knee');
insert into slide (sequence, lesson_id, text) values (1,    28,   'Poisoning by aminoglycosides, intentional self-harm, sequela');
insert into slide (sequence, lesson_id, text) values (2,    28,   'Laceration of other blood vessels at hip and thigh level, unspecified leg');
insert into slide (sequence, lesson_id, text) values (3,    28,   'Unspecified car occupant injured in collision with fixed or stationary object in traffic accident');
insert into slide (sequence, lesson_id, text) values (4,    28,   'Nondisplaced spiral fracture of shaft of unspecified tibia, subsequent encounter for closed fracture with nonunion');
insert into slide (sequence, lesson_id, text) values (5,    28,   'War operations involving flamethrower, civilian, subsequent encounter');
insert into slide (sequence, lesson_id, text) values (6,    28,   'Nondisplaced fracture (avulsion) of lateral epicondyle of left humerus, initial encounter for open fracture');
insert into slide (sequence, lesson_id, text) values (7,    28,   'Struck by other hit or thrown ball, initial encounter');
insert into slide (sequence, lesson_id, text) values (8,    28,   'Secondary osteoarthritis, left ankle and foot');
insert into slide (sequence, lesson_id, text) values (9,    28,   'Person on outside of pick-up truck or van injured in noncollision transport accident in nontraffic accident, sequela');
insert into slide (sequence, lesson_id, text) values (10,   28,   'Unspecified physeal fracture of upper end of unspecified fibula');



-- INSERT DATA FOR TABLE LIKE:
-- insert into likes (user_id, comment_id) values (1, 1);
-- insert into likes (user_id, comment_id) values (2, 1);
-- insert into likes (user_id, comment_id) values (3, 1);
-- insert into likes (user_id, comment_id) values (4, 1);
-- insert into likes (user_id, comment_id) values (5, 1);
-- insert into likes (user_id, comment_id) values (1, 2);
-- insert into likes (user_id, comment_id) values (2, 2);
-- insert into likes (user_id, comment_id) values (3, 2);
-- insert into likes (user_id, comment_id) values (1, 3);
-- insert into likes (user_id, comment_id) values (2, 3);
-- insert into likes (user_id, comment_id) values (1, 4);

